word,rank,stage,stage_name
the,1,1,foundation_1_850
be,2,1,foundation_1_850
and,3,1,foundation_1_850
of,4,1,foundation_1_850
to,5,1,foundation_1_850
a,6,1,foundation_1_850
in,7,1,foundation_1_850
have,8,1,foundation_1_850
it,9,1,foundation_1_850
you,10,1,foundation_1_850
he,11,1,foundation_1_850
for,12,1,foundation_1_850
they,13,1,foundation_1_850
not,14,1,foundation_1_850
that,15,1,foundation_1_850
we,16,1,foundation_1_850
on,17,1,foundation_1_850
with,18,1,foundation_1_850
this,19,1,foundation_1_850
I,20,1,foundation_1_850
do,21,1,foundation_1_850
as,22,1,foundation_1_850
at,23,1,foundation_1_850
she,24,1,foundation_1_850
but,25,1,foundation_1_850
from,26,1,foundation_1_850
by,27,1,foundation_1_850
will,28,1,foundation_1_850
or,29,1,foundation_1_850
say,30,1,foundation_1_850
go,31,1,foundation_1_850
so,32,1,foundation_1_850
all,33,1,foundation_1_850
if,34,1,foundation_1_850
one,35,1,foundation_1_850
would,36,1,foundation_1_850
about,37,1,foundation_1_850
can,38,1,foundation_1_850
which,39,1,foundation_1_850
there,40,1,foundation_1_850
know,41,1,foundation_1_850
more,42,1,foundation_1_850
get,43,1,foundation_1_850
who,44,1,foundation_1_850
like,45,1,foundation_1_850
when,46,1,foundation_1_850
think,47,1,foundation_1_850
make,48,1,foundation_1_850
time,49,1,foundation_1_850
see,50,1,foundation_1_850
what,51,1,foundation_1_850
up,52,1,foundation_1_850
some,53,1,foundation_1_850
other,54,1,foundation_1_850
out,55,1,foundation_1_850
good,56,1,foundation_1_850
people,57,1,foundation_1_850
year,58,1,foundation_1_850
take,59,1,foundation_1_850
no,60,1,foundation_1_850
well,61,1,foundation_1_850
because,62,1,foundation_1_850
very,63,1,foundation_1_850
just,64,1,foundation_1_850
come,65,1,foundation_1_850
could,66,1,foundation_1_850
work,67,1,foundation_1_850
use,68,1,foundation_1_850
than,69,1,foundation_1_850
now,70,1,foundation_1_850
then,71,1,foundation_1_850
also,72,1,foundation_1_850
into,73,1,foundation_1_850
only,74,1,foundation_1_850
look,75,1,foundation_1_850
want,76,1,foundation_1_850
give,77,1,foundation_1_850
first,78,1,foundation_1_850
new,79,1,foundation_1_850
way,80,1,foundation_1_850
find,81,1,foundation_1_850
over,82,1,foundation_1_850
any,83,1,foundation_1_850
after,84,1,foundation_1_850
day,85,1,foundation_1_850
where,86,1,foundation_1_850
thing,87,1,foundation_1_850
most,88,1,foundation_1_850
should,89,1,foundation_1_850
need,90,1,foundation_1_850
much,91,1,foundation_1_850
right,92,1,foundation_1_850
how,93,1,foundation_1_850
back,94,1,foundation_1_850
mean,95,1,foundation_1_850
even,96,1,foundation_1_850
may,97,1,foundation_1_850
here,98,1,foundation_1_850
many,99,1,foundation_1_850
such,100,1,foundation_1_850
last,101,1,foundation_1_850
child,102,1,foundation_1_850
tell,103,1,foundation_1_850
really,104,1,foundation_1_850
call,105,1,foundation_1_850
before,106,1,foundation_1_850
company,107,1,foundation_1_850
through,108,1,foundation_1_850
down,109,1,foundation_1_850
show,110,1,foundation_1_850
life,111,1,foundation_1_850
man,112,1,foundation_1_850
change,113,1,foundation_1_850
place,114,1,foundation_1_850
long,115,1,foundation_1_850
between,116,1,foundation_1_850
feel,117,1,foundation_1_850
too,118,1,foundation_1_850
still,119,1,foundation_1_850
problem,120,1,foundation_1_850
write,121,1,foundation_1_850
same,122,1,foundation_1_850
lot,123,1,foundation_1_850
great,124,1,foundation_1_850
try,125,1,foundation_1_850
leave,126,1,foundation_1_850
number,127,1,foundation_1_850
both,128,1,foundation_1_850
own,129,1,foundation_1_850
part,130,1,foundation_1_850
point,131,1,foundation_1_850
little,132,1,foundation_1_850
help,133,1,foundation_1_850
ask,134,1,foundation_1_850
meet,135,1,foundation_1_850
start,136,1,foundation_1_850
talk,137,1,foundation_1_850
something,138,1,foundation_1_850
put,139,1,foundation_1_850
another,140,1,foundation_1_850
become,141,1,foundation_1_850
interest,142,1,foundation_1_850
country,143,1,foundation_1_850
old,144,1,foundation_1_850
each,145,1,foundation_1_850
school,146,1,foundation_1_850
late,147,1,foundation_1_850
high,148,1,foundation_1_850
different,149,1,foundation_1_850
off,150,1,foundation_1_850
next,151,1,foundation_1_850
end,152,1,foundation_1_850
live,153,1,foundation_1_850
why,154,1,foundation_1_850
while,155,1,foundation_1_850
world,156,1,foundation_1_850
week,157,1,foundation_1_850
play,158,1,foundation_1_850
might,159,1,foundation_1_850
must,160,1,foundation_1_850
home,161,1,foundation_1_850
never,162,1,foundation_1_850
include,163,1,foundation_1_850
course,164,1,foundation_1_850
house,165,1,foundation_1_850
report,166,1,foundation_1_850
group,167,1,foundation_1_850
case,168,1,foundation_1_850
woman,169,1,foundation_1_850
around,170,1,foundation_1_850
book,171,1,foundation_1_850
family,172,1,foundation_1_850
seem,173,1,foundation_1_850
let,174,1,foundation_1_850
again,175,1,foundation_1_850
kind,176,1,foundation_1_850
keep,177,1,foundation_1_850
hear,178,1,foundation_1_850
system,179,1,foundation_1_850
every,180,1,foundation_1_850
question,181,1,foundation_1_850
during,182,1,foundation_1_850
always,183,1,foundation_1_850
big,184,1,foundation_1_850
set,185,1,foundation_1_850
small,186,1,foundation_1_850
study,187,1,foundation_1_850
follow,188,1,foundation_1_850
begin,189,1,foundation_1_850
important,190,1,foundation_1_850
since,191,1,foundation_1_850
run,192,1,foundation_1_850
under,193,1,foundation_1_850
turn,194,1,foundation_1_850
few,195,1,foundation_1_850
bring,196,1,foundation_1_850
early,197,1,foundation_1_850
hand,198,1,foundation_1_850
state,199,1,foundation_1_850
move,200,1,foundation_1_850
money,201,1,foundation_1_850
fact,202,1,foundation_1_850
however,203,1,foundation_1_850
area,204,1,foundation_1_850
provide,205,1,foundation_1_850
name,206,1,foundation_1_850
read,207,1,foundation_1_850
friend,208,1,foundation_1_850
month,209,1,foundation_1_850
large,210,1,foundation_1_850
business,211,1,foundation_1_850
without,212,1,foundation_1_850
information,213,1,foundation_1_850
open,214,1,foundation_1_850
order,215,1,foundation_1_850
government,216,1,foundation_1_850
word,217,1,foundation_1_850
issue,218,1,foundation_1_850
market,219,1,foundation_1_850
pay,220,1,foundation_1_850
build,221,1,foundation_1_850
hold,222,1,foundation_1_850
service,223,1,foundation_1_850
against,224,1,foundation_1_850
believe,225,1,foundation_1_850
second,226,1,foundation_1_850
though,227,1,foundation_1_850
yes,228,1,foundation_1_850
love,229,1,foundation_1_850
increase,230,1,foundation_1_850
job,231,1,foundation_1_850
plan,232,1,foundation_1_850
result,233,1,foundation_1_850
away,234,1,foundation_1_850
example,235,1,foundation_1_850
happen,236,1,foundation_1_850
offer,237,1,foundation_1_850
young,238,1,foundation_1_850
close,239,1,foundation_1_850
program,240,1,foundation_1_850
lead,241,1,foundation_1_850
buy,242,1,foundation_1_850
understand,243,1,foundation_1_850
thank,244,1,foundation_1_850
far,245,1,foundation_1_850
today,246,1,foundation_1_850
hour,247,1,foundation_1_850
student,248,1,foundation_1_850
face,249,1,foundation_1_850
hope,250,1,foundation_1_850
idea,251,1,foundation_1_850
cost,252,1,foundation_1_850
less,253,1,foundation_1_850
room,254,1,foundation_1_850
until,255,1,foundation_1_850
reason,256,1,foundation_1_850
form,257,1,foundation_1_850
spend,258,1,foundation_1_850
head,259,1,foundation_1_850
car,260,1,foundation_1_850
learn,261,1,foundation_1_850
level,262,1,foundation_1_850
person,263,1,foundation_1_850
experience,264,1,foundation_1_850
once,265,1,foundation_1_850
member,266,1,foundation_1_850
enough,267,1,foundation_1_850
bad,268,1,foundation_1_850
city,269,1,foundation_1_850
night,270,1,foundation_1_850
able,271,1,foundation_1_850
support,272,1,foundation_1_850
whether,273,1,foundation_1_850
line,274,1,foundation_1_850
present,275,1,foundation_1_850
side,276,1,foundation_1_850
quite,277,1,foundation_1_850
although,278,1,foundation_1_850
sure,279,1,foundation_1_850
term,280,1,foundation_1_850
least,281,1,foundation_1_850
age,282,1,foundation_1_850
low,283,1,foundation_1_850
speak,284,1,foundation_1_850
within,285,1,foundation_1_850
process,286,1,foundation_1_850
public,287,1,foundation_1_850
often,288,1,foundation_1_850
train,289,1,foundation_1_850
possible,290,1,foundation_1_850
actually,291,1,foundation_1_850
rather,292,1,foundation_1_850
view,293,1,foundation_1_850
together,294,1,foundation_1_850
consider,295,1,foundation_1_850
price,296,1,foundation_1_850
parent,297,1,foundation_1_850
hard,298,1,foundation_1_850
party,299,1,foundation_1_850
local,300,1,foundation_1_850
control,301,1,foundation_1_850
already,302,1,foundation_1_850
concern,303,1,foundation_1_850
product,304,1,foundation_1_850
lose,305,1,foundation_1_850
story,306,1,foundation_1_850
almost,307,1,foundation_1_850
continue,308,1,foundation_1_850
stand,309,1,foundation_1_850
whole,310,1,foundation_1_850
yet,311,1,foundation_1_850
rate,312,1,foundation_1_850
care,313,1,foundation_1_850
expect,314,1,foundation_1_850
effect,315,1,foundation_1_850
sort,316,1,foundation_1_850
ever,317,1,foundation_1_850
anything,318,1,foundation_1_850
cause,319,1,foundation_1_850
fall,320,1,foundation_1_850
deal,321,1,foundation_1_850
water,322,1,foundation_1_850
send,323,1,foundation_1_850
allow,324,1,foundation_1_850
soon,325,1,foundation_1_850
watch,326,1,foundation_1_850
base,327,1,foundation_1_850
probably,328,1,foundation_1_850
suggest,329,1,foundation_1_850
past,330,1,foundation_1_850
power,331,1,foundation_1_850
test,332,1,foundation_1_850
visit,333,1,foundation_1_850
center,334,1,foundation_1_850
grow,335,1,foundation_1_850
nothing,336,1,foundation_1_850
return,337,1,foundation_1_850
mother,338,1,foundation_1_850
walk,339,1,foundation_1_850
matter,340,1,foundation_1_850
mind,341,1,foundation_1_850
value,342,1,foundation_1_850
office,343,1,foundation_1_850
record,344,1,foundation_1_850
stay,345,1,foundation_1_850
force,346,1,foundation_1_850
stop,347,1,foundation_1_850
several,348,1,foundation_1_850
light,349,1,foundation_1_850
develop,350,1,foundation_1_850
remember,351,1,foundation_1_850
bit,352,1,foundation_1_850
share,353,1,foundation_1_850
real,354,1,foundation_1_850
answer,355,1,foundation_1_850
sit,356,1,foundation_1_850
figure,357,1,foundation_1_850
letter,358,1,foundation_1_850
decide,359,1,foundation_1_850
language,360,1,foundation_1_850
subject,361,1,foundation_1_850
class,362,1,foundation_1_850
development,363,1,foundation_1_850
town,364,1,foundation_1_850
half,365,1,foundation_1_850
minute,366,1,foundation_1_850
food,367,1,foundation_1_850
break,368,1,foundation_1_850
clear,369,1,foundation_1_850
future,370,1,foundation_1_850
either,371,1,foundation_1_850
ago,372,1,foundation_1_850
per,373,1,foundation_1_850
remain,374,1,foundation_1_850
top,375,1,foundation_1_850
among,376,1,foundation_1_850
win,377,1,foundation_1_850
color,378,1,foundation_1_850
involve,379,1,foundation_1_850
reach,380,1,foundation_1_850
social,381,1,foundation_1_850
period,382,1,foundation_1_850
across,383,1,foundation_1_850
note,384,1,foundation_1_850
history,385,1,foundation_1_850
create,386,1,foundation_1_850
drive,387,1,foundation_1_850
along,388,1,foundation_1_850
type,389,1,foundation_1_850
sound,390,1,foundation_1_850
eye,391,1,foundation_1_850
music,392,1,foundation_1_850
game,393,1,foundation_1_850
political,394,1,foundation_1_850
free,395,1,foundation_1_850
receive,396,1,foundation_1_850
moment,397,1,foundation_1_850
sale,398,1,foundation_1_850
policy,399,1,foundation_1_850
further,400,1,foundation_1_850
body,401,1,foundation_1_850
require,402,1,foundation_1_850
wait,403,1,foundation_1_850
general,404,1,foundation_1_850
appear,405,1,foundation_1_850
toward,406,1,foundation_1_850
team,407,1,foundation_1_850
easy,408,1,foundation_1_850
individual,409,1,foundation_1_850
full,410,1,foundation_1_850
black,411,1,foundation_1_850
sense,412,1,foundation_1_850
perhaps,413,1,foundation_1_850
add,414,1,foundation_1_850
rule,415,1,foundation_1_850
pass,416,1,foundation_1_850
produce,417,1,foundation_1_850
sell,418,1,foundation_1_850
short,419,1,foundation_1_850
agree,420,1,foundation_1_850
law,421,1,foundation_1_850
everything,422,1,foundation_1_850
research,423,1,foundation_1_850
cover,424,1,foundation_1_850
paper,425,1,foundation_1_850
position,426,1,foundation_1_850
near,427,1,foundation_1_850
human,428,1,foundation_1_850
computer,429,1,foundation_1_850
situation,430,1,foundation_1_850
staff,431,1,foundation_1_850
activity,432,1,foundation_1_850
film,433,1,foundation_1_850
morning,434,1,foundation_1_850
war,435,1,foundation_1_850
account,436,1,foundation_1_850
shop,437,1,foundation_1_850
major,438,1,foundation_1_850
someone,439,1,foundation_1_850
above,440,1,foundation_1_850
design,441,1,foundation_1_850
event,442,1,foundation_1_850
special,443,1,foundation_1_850
sometimes,444,1,foundation_1_850
condition,445,1,foundation_1_850
carry,446,1,foundation_1_850
choose,447,1,foundation_1_850
father,448,1,foundation_1_850
decision,449,1,foundation_1_850
table,450,1,foundation_1_850
certain,451,1,foundation_1_850
forward,452,1,foundation_1_850
main,453,1,foundation_1_850
die,454,1,foundation_1_850
bear,455,1,foundation_1_850
cut,456,1,foundation_1_850
describe,457,1,foundation_1_850
himself,458,1,foundation_1_850
available,459,1,foundation_1_850
especially,460,1,foundation_1_850
strong,461,1,foundation_1_850
rise,462,1,foundation_1_850
girl,463,1,foundation_1_850
maybe,464,1,foundation_1_850
community,465,1,foundation_1_850
else,466,1,foundation_1_850
particular,467,1,foundation_1_850
role,468,1,foundation_1_850
join,469,1,foundation_1_850
difficult,470,1,foundation_1_850
please,471,1,foundation_1_850
detail,472,1,foundation_1_850
difference,473,1,foundation_1_850
action,474,1,foundation_1_850
health,475,1,foundation_1_850
eat,476,1,foundation_1_850
step,477,1,foundation_1_850
TRUE,478,1,foundation_1_850
phone,479,1,foundation_1_850
themselves,480,1,foundation_1_850
draw,481,1,foundation_1_850
white,482,1,foundation_1_850
date,483,1,foundation_1_850
practice,484,1,foundation_1_850
model,485,1,foundation_1_850
raise,486,1,foundation_1_850
customer,487,1,foundation_1_850
front,488,1,foundation_1_850
explain,489,1,foundation_1_850
door,490,1,foundation_1_850
outside,491,1,foundation_1_850
behind,492,1,foundation_1_850
economic,493,1,foundation_1_850
site,494,1,foundation_1_850
approach,495,1,foundation_1_850
teacher,496,1,foundation_1_850
land,497,1,foundation_1_850
charge,498,1,foundation_1_850
finally,499,1,foundation_1_850
sign,500,1,foundation_1_850
claim,501,1,foundation_1_850
relationship,502,1,foundation_1_850
travel,503,1,foundation_1_850
enjoy,504,1,foundation_1_850
death,505,1,foundation_1_850
nice,506,1,foundation_1_850
amount,507,1,foundation_1_850
improve,508,1,foundation_1_850
picture,509,1,foundation_1_850
boy,510,1,foundation_1_850
regard,511,1,foundation_1_850
organization,512,1,foundation_1_850
happy,513,1,foundation_1_850
couple,514,1,foundation_1_850
act,515,1,foundation_1_850
range,516,1,foundation_1_850
quality,517,1,foundation_1_850
project,518,1,foundation_1_850
round,519,1,foundation_1_850
opportunity,520,1,foundation_1_850
road,521,1,foundation_1_850
accord,522,1,foundation_1_850
list,523,1,foundation_1_850
wish,524,1,foundation_1_850
therefore,525,1,foundation_1_850
wear,526,1,foundation_1_850
fund,527,1,foundation_1_850
rest,528,1,foundation_1_850
kid,529,1,foundation_1_850
industry,530,1,foundation_1_850
education,531,1,foundation_1_850
measure,532,1,foundation_1_850
kill,533,1,foundation_1_850
serve,534,1,foundation_1_850
likely,535,1,foundation_1_850
certainly,536,1,foundation_1_850
national,537,1,foundation_1_850
itself,538,1,foundation_1_850
teach,539,1,foundation_1_850
field,540,1,foundation_1_850
security,541,1,foundation_1_850
air,542,1,foundation_1_850
benefit,543,1,foundation_1_850
trade,544,1,foundation_1_850
risk,545,1,foundation_1_850
news,546,1,foundation_1_850
standard,547,1,foundation_1_850
vote,548,1,foundation_1_850
percent,549,1,foundation_1_850
focus,550,1,foundation_1_850
stage,551,1,foundation_1_850
space,552,1,foundation_1_850
instead,553,1,foundation_1_850
realize,554,1,foundation_1_850
usually,555,1,foundation_1_850
data,556,1,foundation_1_850
single,557,1,foundation_1_850
address,558,1,foundation_1_850
performance,559,1,foundation_1_850
chance,560,1,foundation_1_850
accept,561,1,foundation_1_850
society,562,1,foundation_1_850
technology,563,1,foundation_1_850
mention,564,1,foundation_1_850
choice,565,1,foundation_1_850
save,566,1,foundation_1_850
common,567,1,foundation_1_850
culture,568,1,foundation_1_850
total,569,1,foundation_1_850
demand,570,1,foundation_1_850
material,571,1,foundation_1_850
limit,572,1,foundation_1_850
listen,573,1,foundation_1_850
due,574,1,foundation_1_850
wrong,575,1,foundation_1_850
foot,576,1,foundation_1_850
effort,577,1,foundation_1_850
attention,578,1,foundation_1_850
upon,579,1,foundation_1_850
check,580,1,foundation_1_850
complete,581,1,foundation_1_850
lie,582,1,foundation_1_850
pick,583,1,foundation_1_850
reduce,584,1,foundation_1_850
personal,585,1,foundation_1_850
ground,586,1,foundation_1_850
animal,587,1,foundation_1_850
arrive,588,1,foundation_1_850
patient,589,1,foundation_1_850
current,590,1,foundation_1_850
century,591,1,foundation_1_850
evidence,592,1,foundation_1_850
exist,593,1,foundation_1_850
similar,594,1,foundation_1_850
fight,595,1,foundation_1_850
leader,596,1,foundation_1_850
fine,597,1,foundation_1_850
street,598,1,foundation_1_850
former,599,1,foundation_1_850
contact,600,1,foundation_1_850
particularly,601,1,foundation_1_850
wife,602,1,foundation_1_850
sport,603,1,foundation_1_850
prepare,604,1,foundation_1_850
discuss,605,1,foundation_1_850
response,606,1,foundation_1_850
voice,607,1,foundation_1_850
piece,608,1,foundation_1_850
finish,609,1,foundation_1_850
suppose,610,1,foundation_1_850
apply,611,1,foundation_1_850
president,612,1,foundation_1_850
fire,613,1,foundation_1_850
compare,614,1,foundation_1_850
court,615,1,foundation_1_850
police,616,1,foundation_1_850
store,617,1,foundation_1_850
poor,618,1,foundation_1_850
knowledge,619,1,foundation_1_850
laugh,620,1,foundation_1_850
arm,621,1,foundation_1_850
heart,622,1,foundation_1_850
source,623,1,foundation_1_850
employee,624,1,foundation_1_850
manage,625,1,foundation_1_850
simply,626,1,foundation_1_850
bank,627,1,foundation_1_850
firm,628,1,foundation_1_850
cell,629,1,foundation_1_850
article,630,1,foundation_1_850
fast,631,1,foundation_1_850
attack,632,1,foundation_1_850
foreign,633,1,foundation_1_850
surprise,634,1,foundation_1_850
feature,635,1,foundation_1_850
factor,636,1,foundation_1_850
pretty,637,1,foundation_1_850
recently,638,1,foundation_1_850
affect,639,1,foundation_1_850
drop,640,1,foundation_1_850
recent,641,1,foundation_1_850
relate,642,1,foundation_1_850
official,643,1,foundation_1_850
financial,644,1,foundation_1_850
miss,645,1,foundation_1_850
art,646,1,foundation_1_850
campaign,647,1,foundation_1_850
private,648,1,foundation_1_850
pause,649,1,foundation_1_850
everyone,650,1,foundation_1_850
forget,651,1,foundation_1_850
page,652,1,foundation_1_850
worry,653,1,foundation_1_850
summer,654,1,foundation_1_850
drink,655,1,foundation_1_850
opinion,656,1,foundation_1_850
park,657,1,foundation_1_850
represent,658,1,foundation_1_850
key,659,1,foundation_1_850
inside,660,1,foundation_1_850
manager,661,1,foundation_1_850
international,662,1,foundation_1_850
contain,663,1,foundation_1_850
notice,664,1,foundation_1_850
wonder,665,1,foundation_1_850
nature,666,1,foundation_1_850
structure,667,1,foundation_1_850
section,668,1,foundation_1_850
myself,669,1,foundation_1_850
exactly,670,1,foundation_1_850
plant,671,1,foundation_1_850
paint,672,1,foundation_1_850
worker,673,1,foundation_1_850
press,674,1,foundation_1_850
whatever,675,1,foundation_1_850
necessary,676,1,foundation_1_850
region,677,1,foundation_1_850
growth,678,1,foundation_1_850
evening,679,1,foundation_1_850
influence,680,1,foundation_1_850
respect,681,1,foundation_1_850
various,682,1,foundation_1_850
catch,683,1,foundation_1_850
thus,684,1,foundation_1_850
skill,685,1,foundation_1_850
attempt,686,1,foundation_1_850
son,687,1,foundation_1_850
simple,688,1,foundation_1_850
medium,689,1,foundation_1_850
average,690,1,foundation_1_850
stock,691,1,foundation_1_850
management,692,1,foundation_1_850
character,693,1,foundation_1_850
bed,694,1,foundation_1_850
hit,695,1,foundation_1_850
establish,696,1,foundation_1_850
indeed,697,1,foundation_1_850
final,698,1,foundation_1_850
economy,699,1,foundation_1_850
fit,700,1,foundation_1_850
guy,701,1,foundation_1_850
function,702,1,foundation_1_850
yesterday,703,1,foundation_1_850
image,704,1,foundation_1_850
size,705,1,foundation_1_850
behavior,706,1,foundation_1_850
addition,707,1,foundation_1_850
determine,708,1,foundation_1_850
station,709,1,foundation_1_850
population,710,1,foundation_1_850
fail,711,1,foundation_1_850
environment,712,1,foundation_1_850
production,713,1,foundation_1_850
contract,714,1,foundation_1_850
player,715,1,foundation_1_850
comment,716,1,foundation_1_850
enter,717,1,foundation_1_850
occur,718,1,foundation_1_850
alone,719,1,foundation_1_850
significant,720,1,foundation_1_850
drug,721,1,foundation_1_850
wall,722,1,foundation_1_850
series,723,1,foundation_1_850
direct,724,1,foundation_1_850
success,725,1,foundation_1_850
tomorrow,726,1,foundation_1_850
director,727,1,foundation_1_850
clearly,728,1,foundation_1_850
lack,729,1,foundation_1_850
review,730,1,foundation_1_850
depend,731,1,foundation_1_850
race,732,1,foundation_1_850
recognize,733,1,foundation_1_850
window,734,1,foundation_1_850
purpose,735,1,foundation_1_850
department,736,1,foundation_1_850
gain,737,1,foundation_1_850
tree,738,1,foundation_1_850
college,739,1,foundation_1_850
argue,740,1,foundation_1_850
board,741,1,foundation_1_850
holiday,742,1,foundation_1_850
mark,743,1,foundation_1_850
church,744,1,foundation_1_850
machine,745,1,foundation_1_850
achieve,746,1,foundation_1_850
item,747,1,foundation_1_850
prove,748,1,foundation_1_850
cent,749,1,foundation_1_850
season,750,1,foundation_1_850
floor,751,1,foundation_1_850
stuff,752,1,foundation_1_850
wide,753,1,foundation_1_850
anyone,754,1,foundation_1_850
method,755,1,foundation_1_850
analysis,756,1,foundation_1_850
election,757,1,foundation_1_850
military,758,1,foundation_1_850
hotel,759,1,foundation_1_850
club,760,1,foundation_1_850
below,761,1,foundation_1_850
movie,762,1,foundation_1_850
doctor,763,1,foundation_1_850
discussion,764,1,foundation_1_850
sorry,765,1,foundation_1_850
challenge,766,1,foundation_1_850
nation,767,1,foundation_1_850
nearly,768,1,foundation_1_850
statement,769,1,foundation_1_850
link,770,1,foundation_1_850
despite,771,1,foundation_1_850
introduce,772,1,foundation_1_850
advantage,773,1,foundation_1_850
ready,774,1,foundation_1_850
marry,775,1,foundation_1_850
strike,776,1,foundation_1_850
mile,777,1,foundation_1_850
seek,778,1,foundation_1_850
ability,779,1,foundation_1_850
unit,780,1,foundation_1_850
card,781,1,foundation_1_850
hospital,782,1,foundation_1_850
quickly,783,1,foundation_1_850
interview,784,1,foundation_1_850
agreement,785,1,foundation_1_850
release,786,1,foundation_1_850
tax,787,1,foundation_1_850
solution,788,1,foundation_1_850
capital,789,1,foundation_1_850
popular,790,1,foundation_1_850
specific,791,1,foundation_1_850
beautiful,792,1,foundation_1_850
fear,793,1,foundation_1_850
aim,794,1,foundation_1_850
television,795,1,foundation_1_850
serious,796,1,foundation_1_850
target,797,1,foundation_1_850
degree,798,1,foundation_1_850
pull,799,1,foundation_1_850
red,800,1,foundation_1_850
husband,801,1,foundation_1_850
access,802,1,foundation_1_850
movement,803,1,foundation_1_850
treat,804,1,foundation_1_850
identify,805,1,foundation_1_850
loss,806,1,foundation_1_850
shall,807,1,foundation_1_850
modern,808,1,foundation_1_850
pressure,809,1,foundation_1_850
bus,810,1,foundation_1_850
treatment,811,1,foundation_1_850
conference,812,1,foundation_1_850
yourself,813,1,foundation_1_850
supply,814,1,foundation_1_850
village,815,1,foundation_1_850
worth,816,1,foundation_1_850
natural,817,1,foundation_1_850
express,818,1,foundation_1_850
indicate,819,1,foundation_1_850
attend,820,1,foundation_1_850
brother,821,1,foundation_1_850
investment,822,1,foundation_1_850
score,823,1,foundation_1_850
organize,824,1,foundation_1_850
trip,825,1,foundation_1_850
beyond,826,1,foundation_1_850
sleep,827,1,foundation_1_850
fish,828,1,foundation_1_850
promise,829,1,foundation_1_850
potential,830,1,foundation_1_850
energy,831,1,foundation_1_850
trouble,832,1,foundation_1_850
relation,833,1,foundation_1_850
touch,834,1,foundation_1_850
file,835,1,foundation_1_850
middle,836,1,foundation_1_850
bar,837,1,foundation_1_850
suffer,838,1,foundation_1_850
strategy,839,1,foundation_1_850
deep,840,1,foundation_1_850
except,841,1,foundation_1_850
clean,842,1,foundation_1_850
tend,843,1,foundation_1_850
advance,844,1,foundation_1_850
fill,845,1,foundation_1_850
star,846,1,foundation_1_850
network,847,1,foundation_1_850
generally,848,1,foundation_1_850
operation,849,1,foundation_1_850
match,850,1,foundation_1_850
avoid,851,2,expansion_851_1500
seat,852,2,expansion_851_1500
throw,853,2,expansion_851_1500
task,854,2,expansion_851_1500
normal,855,2,expansion_851_1500
goal,856,2,expansion_851_1500
associate,857,2,expansion_851_1500
blue,858,2,expansion_851_1500
positive,859,2,expansion_851_1500
option,860,2,expansion_851_1500
box,861,2,expansion_851_1500
huge,862,2,expansion_851_1500
message,863,2,expansion_851_1500
instance,864,2,expansion_851_1500
style,865,2,expansion_851_1500
refer,866,2,expansion_851_1500
cold,867,2,expansion_851_1500
push,868,2,expansion_851_1500
quarter,869,2,expansion_851_1500
assume,870,2,expansion_851_1500
baby,871,2,expansion_851_1500
successful,872,2,expansion_851_1500
sing,873,2,expansion_851_1500
doubt,874,2,expansion_851_1500
competition,875,2,expansion_851_1500
theory,876,2,expansion_851_1500
propose,877,2,expansion_851_1500
reference,878,2,expansion_851_1500
argument,879,2,expansion_851_1500
adult,880,2,expansion_851_1500
fly,881,2,expansion_851_1500
document,882,2,expansion_851_1500
pattern,883,2,expansion_851_1500
application,884,2,expansion_851_1500
hot,885,2,expansion_851_1500
obviously,886,2,expansion_851_1500
unclear,887,2,expansion_851_1500
bill,888,2,expansion_851_1500
search,889,2,expansion_851_1500
separate,890,2,expansion_851_1500
central,891,2,expansion_851_1500
career,892,2,expansion_851_1500
anyway,893,2,expansion_851_1500
speech,894,2,expansion_851_1500
dog,895,2,expansion_851_1500
officer,896,2,expansion_851_1500
throughout,897,2,expansion_851_1500
oil,898,2,expansion_851_1500
dress,899,2,expansion_851_1500
profit,900,2,expansion_851_1500
guess,901,2,expansion_851_1500
fun,902,2,expansion_851_1500
protect,903,2,expansion_851_1500
resource,904,2,expansion_851_1500
science,905,2,expansion_851_1500
disease,906,2,expansion_851_1500
balance,907,2,expansion_851_1500
damage,908,2,expansion_851_1500
basis,909,2,expansion_851_1500
author,910,2,expansion_851_1500
basic,911,2,expansion_851_1500
encourage,912,2,expansion_851_1500
hair,913,2,expansion_851_1500
male,914,2,expansion_851_1500
operate,915,2,expansion_851_1500
reflect,916,2,expansion_851_1500
exercise,917,2,expansion_851_1500
useful,918,2,expansion_851_1500
restaurant,919,2,expansion_851_1500
income,920,2,expansion_851_1500
property,921,2,expansion_851_1500
previous,922,2,expansion_851_1500
dark,923,2,expansion_851_1500
imagine,924,2,expansion_851_1500
okay,925,2,expansion_851_1500
earn,926,2,expansion_851_1500
daughter,927,2,expansion_851_1500
post,928,2,expansion_851_1500
newspaper,929,2,expansion_851_1500
define,930,2,expansion_851_1500
conclusion,931,2,expansion_851_1500
clock,932,2,expansion_851_1500
everybody,933,2,expansion_851_1500
weekend,934,2,expansion_851_1500
perform,935,2,expansion_851_1500
professional,936,2,expansion_851_1500
mine,937,2,expansion_851_1500
debate,938,2,expansion_851_1500
memory,939,2,expansion_851_1500
green,940,2,expansion_851_1500
song,941,2,expansion_851_1500
object,942,2,expansion_851_1500
maintain,943,2,expansion_851_1500
credit,944,2,expansion_851_1500
ring,945,2,expansion_851_1500
discover,946,2,expansion_851_1500
dead,947,2,expansion_851_1500
afternoon,948,2,expansion_851_1500
prefer,949,2,expansion_851_1500
extend,950,2,expansion_851_1500
possibility,951,2,expansion_851_1500
direction,952,2,expansion_851_1500
facility,953,2,expansion_851_1500
variety,954,2,expansion_851_1500
daily,955,2,expansion_851_1500
clothes,956,2,expansion_851_1500
screen,957,2,expansion_851_1500
track,958,2,expansion_851_1500
dance,959,2,expansion_851_1500
completely,960,2,expansion_851_1500
female,961,2,expansion_851_1500
responsibility,962,2,expansion_851_1500
original,963,2,expansion_851_1500
sister,964,2,expansion_851_1500
rock,965,2,expansion_851_1500
dream,966,2,expansion_851_1500
nor,967,2,expansion_851_1500
university,968,2,expansion_851_1500
easily,969,2,expansion_851_1500
agency,970,2,expansion_851_1500
dollar,971,2,expansion_851_1500
garden,972,2,expansion_851_1500
fix,973,2,expansion_851_1500
ahead,974,2,expansion_851_1500
cross,975,2,expansion_851_1500
yeah,976,2,expansion_851_1500
candidate,977,2,expansion_851_1500
weight,978,2,expansion_851_1500
legal,979,2,expansion_851_1500
proposal,980,2,expansion_851_1500
version,981,2,expansion_851_1500
conversation,982,2,expansion_851_1500
somebody,983,2,expansion_851_1500
pound,984,2,expansion_851_1500
magazine,985,2,expansion_851_1500
shape,986,2,expansion_851_1500
sea,987,2,expansion_851_1500
immediately,988,2,expansion_851_1500
welcome,989,2,expansion_851_1500
smile,990,2,expansion_851_1500
communication,991,2,expansion_851_1500
agent,992,2,expansion_851_1500
traditional,993,2,expansion_851_1500
replace,994,2,expansion_851_1500
judge,995,2,expansion_851_1500
herself,996,2,expansion_851_1500
suddenly,997,2,expansion_851_1500
generation,998,2,expansion_851_1500
estimate,999,2,expansion_851_1500
favorite,1000,2,expansion_851_1500
difficulty,1001,2,expansion_851_1500
purchase,1002,2,expansion_851_1500
shoot,1003,2,expansion_851_1500
announce,1004,2,expansion_851_1500
unless,1005,2,expansion_851_1500
independent,1006,2,expansion_851_1500
recommend,1007,2,expansion_851_1500
survey,1008,2,expansion_851_1500
majority,1009,2,expansion_851_1500
stick,1010,2,expansion_851_1500
request,1011,2,expansion_851_1500
rich,1012,2,expansion_851_1500
wind,1013,2,expansion_851_1500
none,1014,2,expansion_851_1500
exchange,1015,2,expansion_851_1500
budget,1016,2,expansion_851_1500
famous,1017,2,expansion_851_1500
blood,1018,2,expansion_851_1500
appropriate,1019,2,expansion_851_1500
block,1020,2,expansion_851_1500
warm,1021,2,expansion_851_1500
count,1022,2,expansion_851_1500
scene,1023,2,expansion_851_1500
writer,1024,2,expansion_851_1500
content,1025,2,expansion_851_1500
prevent,1026,2,expansion_851_1500
safe,1027,2,expansion_851_1500
invite,1028,2,expansion_851_1500
mix,1029,2,expansion_851_1500
element,1030,2,expansion_851_1500
effective,1031,2,expansion_851_1500
correct,1032,2,expansion_851_1500
medical,1033,2,expansion_851_1500
admit,1034,2,expansion_851_1500
beat,1035,2,expansion_851_1500
telephone,1036,2,expansion_851_1500
copy,1037,2,expansion_851_1500
committee,1038,2,expansion_851_1500
aware,1039,2,expansion_851_1500
advice,1040,2,expansion_851_1500
handle,1041,2,expansion_851_1500
glass,1042,2,expansion_851_1500
trial,1043,2,expansion_851_1500
stress,1044,2,expansion_851_1500
radio,1045,2,expansion_851_1500
administration,1046,2,expansion_851_1500
complex,1047,2,expansion_851_1500
text,1048,2,expansion_851_1500
context,1049,2,expansion_851_1500
ride,1050,2,expansion_851_1500
directly,1051,2,expansion_851_1500
heavy,1052,2,expansion_851_1500
remove,1053,2,expansion_851_1500
conduct,1054,2,expansion_851_1500
equipment,1055,2,expansion_851_1500
otherwise,1056,2,expansion_851_1500
title,1057,2,expansion_851_1500
extra,1058,2,expansion_851_1500
executive,1059,2,expansion_851_1500
chair,1060,2,expansion_851_1500
expensive,1061,2,expansion_851_1500
sample,1062,2,expansion_851_1500
sex,1063,2,expansion_851_1500
deliver,1064,2,expansion_851_1500
video,1065,2,expansion_851_1500
connection,1066,2,expansion_851_1500
primary,1067,2,expansion_851_1500
weather,1068,2,expansion_851_1500
collect,1069,2,expansion_851_1500
inform,1070,2,expansion_851_1500
principle,1071,2,expansion_851_1500
straight,1072,2,expansion_851_1500
appeal,1073,2,expansion_851_1500
highly,1074,2,expansion_851_1500
trust,1075,2,expansion_851_1500
wonderful,1076,2,expansion_851_1500
flat,1077,2,expansion_851_1500
absolutely,1078,2,expansion_851_1500
flow,1079,2,expansion_851_1500
fair,1080,2,expansion_851_1500
additional,1081,2,expansion_851_1500
responsible,1082,2,expansion_851_1500
farm,1083,2,expansion_851_1500
collection,1084,2,expansion_851_1500
hang,1085,2,expansion_851_1500
negative,1086,2,expansion_851_1500
band,1087,2,expansion_851_1500
relative,1088,2,expansion_851_1500
tour,1089,2,expansion_851_1500
alternative,1090,2,expansion_851_1500
software,1091,2,expansion_851_1500
pair,1092,2,expansion_851_1500
ship,1093,2,expansion_851_1500
attitude,1094,2,expansion_851_1500
cheap,1095,2,expansion_851_1500
double,1096,2,expansion_851_1500
leg,1097,2,expansion_851_1500
observe,1098,2,expansion_851_1500
sentence,1099,2,expansion_851_1500
print,1100,2,expansion_851_1500
progress,1101,2,expansion_851_1500
truth,1102,2,expansion_851_1500
nobody,1103,2,expansion_851_1500
examine,1104,2,expansion_851_1500
lay,1105,2,expansion_851_1500
speed,1106,2,expansion_851_1500
politics,1107,2,expansion_851_1500
reply,1108,2,expansion_851_1500
display,1109,2,expansion_851_1500
transfer,1110,2,expansion_851_1500
perfect,1111,2,expansion_851_1500
slightly,1112,2,expansion_851_1500
overall,1113,2,expansion_851_1500
intend,1114,2,expansion_851_1500
user,1115,2,expansion_851_1500
respond,1116,2,expansion_851_1500
dinner,1117,2,expansion_851_1500
slow,1118,2,expansion_851_1500
regular,1119,2,expansion_851_1500
physical,1120,2,expansion_851_1500
apart,1121,2,expansion_851_1500
suit,1122,2,expansion_851_1500
federal,1123,2,expansion_851_1500
reveal,1124,2,expansion_851_1500
percentage,1125,2,expansion_851_1500
peace,1126,2,expansion_851_1500
status,1127,2,expansion_851_1500
crime,1128,2,expansion_851_1500
decline,1129,2,expansion_851_1500
decade,1130,2,expansion_851_1500
launch,1131,2,expansion_851_1500
warn,1132,2,expansion_851_1500
consumer,1133,2,expansion_851_1500
favor,1134,2,expansion_851_1500
dry,1135,2,expansion_851_1500
partner,1136,2,expansion_851_1500
institution,1137,2,expansion_851_1500
spot,1138,2,expansion_851_1500
horse,1139,2,expansion_851_1500
eventually,1140,2,expansion_851_1500
heat,1141,2,expansion_851_1500
excite,1142,2,expansion_851_1500
reader,1143,2,expansion_851_1500
importance,1144,2,expansion_851_1500
distance,1145,2,expansion_851_1500
guide,1146,2,expansion_851_1500
grant,1147,2,expansion_851_1500
taxi,1148,2,expansion_851_1500
feed,1149,2,expansion_851_1500
pain,1150,2,expansion_851_1500
sector,1151,2,expansion_851_1500
mistake,1152,2,expansion_851_1500
ensure,1153,2,expansion_851_1500
satisfy,1154,2,expansion_851_1500
chief,1155,2,expansion_851_1500
cool,1156,2,expansion_851_1500
expert,1157,2,expansion_851_1500
wave,1158,2,expansion_851_1500
south,1159,2,expansion_851_1500
labor,1160,2,expansion_851_1500
surface,1161,2,expansion_851_1500
library,1162,2,expansion_851_1500
excellent,1163,2,expansion_851_1500
edge,1164,2,expansion_851_1500
camp,1165,2,expansion_851_1500
audience,1166,2,expansion_851_1500
lift,1167,2,expansion_851_1500
procedure,1168,2,expansion_851_1500
email,1169,2,expansion_851_1500
global,1170,2,expansion_851_1500
struggle,1171,2,expansion_851_1500
advertise,1172,2,expansion_851_1500
select,1173,2,expansion_851_1500
surround,1174,2,expansion_851_1500
extent,1175,2,expansion_851_1500
river,1176,2,expansion_851_1500
annual,1177,2,expansion_851_1500
fully,1178,2,expansion_851_1500
contrast,1179,2,expansion_851_1500
roll,1180,2,expansion_851_1500
reality,1181,2,expansion_851_1500
photograph,1182,2,expansion_851_1500
artist,1183,2,expansion_851_1500
conflict,1184,2,expansion_851_1500
entire,1185,2,expansion_851_1500
presence,1186,2,expansion_851_1500
crowd,1187,2,expansion_851_1500
corner,1188,2,expansion_851_1500
gas,1189,2,expansion_851_1500
shift,1190,2,expansion_851_1500
net,1191,2,expansion_851_1500
category,1192,2,expansion_851_1500
secretary,1193,2,expansion_851_1500
defense,1194,2,expansion_851_1500
quick,1195,2,expansion_851_1500
cook,1196,2,expansion_851_1500
spread,1197,2,expansion_851_1500
nuclear,1198,2,expansion_851_1500
scale,1199,2,expansion_851_1500
driver,1200,2,expansion_851_1500
ball,1201,2,expansion_851_1500
cry,1202,2,expansion_851_1500
introduction,1203,2,expansion_851_1500
requirement,1204,2,expansion_851_1500
north,1205,2,expansion_851_1500
confirm,1206,2,expansion_851_1500
senior,1207,2,expansion_851_1500
photo,1208,2,expansion_851_1500
refuse,1209,2,expansion_851_1500
transport,1210,2,expansion_851_1500
emerge,1211,2,expansion_851_1500
map,1212,2,expansion_851_1500
concept,1213,2,expansion_851_1500
island,1214,2,expansion_851_1500
reform,1215,2,expansion_851_1500
neither,1216,2,expansion_851_1500
football,1217,2,expansion_851_1500
survive,1218,2,expansion_851_1500
flight,1219,2,expansion_851_1500
left,1220,2,expansion_851_1500
solve,1221,2,expansion_851_1500
neighbor,1222,2,expansion_851_1500
background,1223,2,expansion_851_1500
technique,1224,2,expansion_851_1500
traffic,1225,2,expansion_851_1500
improvement,1226,2,expansion_851_1500
tool,1227,2,expansion_851_1500
consequence,1228,2,expansion_851_1500
circumstance,1229,2,expansion_851_1500
smoke,1230,2,expansion_851_1500
reaction,1231,2,expansion_851_1500
rain,1232,2,expansion_851_1500
busy,1233,2,expansion_851_1500
lesson,1234,2,expansion_851_1500
brain,1235,2,expansion_851_1500
mass,1236,2,expansion_851_1500
funny,1237,2,expansion_851_1500
contribute,1238,2,expansion_851_1500
failure,1239,2,expansion_851_1500
schedule,1240,2,expansion_851_1500
speaker,1241,2,expansion_851_1500
bottom,1242,2,expansion_851_1500
adopt,1243,2,expansion_851_1500
combine,1244,2,expansion_851_1500
mountain,1245,2,expansion_851_1500
waste,1246,2,expansion_851_1500
hide,1247,2,expansion_851_1500
marriage,1248,2,expansion_851_1500
ticket,1249,2,expansion_851_1500
meal,1250,2,expansion_851_1500
colleague,1251,2,expansion_851_1500
bag,1252,2,expansion_851_1500
repeat,1253,2,expansion_851_1500
equal,1254,2,expansion_851_1500
expression,1255,2,expansion_851_1500
plus,1256,2,expansion_851_1500
extremely,1257,2,expansion_851_1500
owner,1258,2,expansion_851_1500
plane,1259,2,expansion_851_1500
commercial,1260,2,expansion_851_1500
lady,1261,2,expansion_851_1500
duty,1262,2,expansion_851_1500
strength,1263,2,expansion_851_1500
connect,1264,2,expansion_851_1500
cultural,1265,2,expansion_851_1500
arrange,1266,2,expansion_851_1500
scheme,1267,2,expansion_851_1500
payment,1268,2,expansion_851_1500
unfortunately,1269,2,expansion_851_1500
brief,1270,2,expansion_851_1500
bird,1271,2,expansion_851_1500
demonstrate,1272,2,expansion_851_1500
contribution,1273,2,expansion_851_1500
appreciate,1274,2,expansion_851_1500
chapter,1275,2,expansion_851_1500
secret,1276,2,expansion_851_1500
apparently,1277,2,expansion_851_1500
novel,1278,2,expansion_851_1500
union,1279,2,expansion_851_1500
burn,1280,2,expansion_851_1500
trend,1281,2,expansion_851_1500
initial,1282,2,expansion_851_1500
pleasure,1283,2,expansion_851_1500
suggestion,1284,2,expansion_851_1500
critical,1285,2,expansion_851_1500
gather,1286,2,expansion_851_1500
mostly,1287,2,expansion_851_1500
earth,1288,2,expansion_851_1500
pop,1289,2,expansion_851_1500
essential,1290,2,expansion_851_1500
desire,1291,2,expansion_851_1500
promote,1292,2,expansion_851_1500
currently,1293,2,expansion_851_1500
employ,1294,2,expansion_851_1500
path,1295,2,expansion_851_1500
topic,1296,2,expansion_851_1500
beach,1297,2,expansion_851_1500
attract,1298,2,expansion_851_1500
engage,1299,2,expansion_851_1500
powerful,1300,2,expansion_851_1500
flower,1301,2,expansion_851_1500
crisis,1302,2,expansion_851_1500
settle,1303,2,expansion_851_1500
boat,1304,2,expansion_851_1500
aid,1305,2,expansion_851_1500
fan,1306,2,expansion_851_1500
kitchen,1307,2,expansion_851_1500
twice,1308,2,expansion_851_1500
fresh,1309,2,expansion_851_1500
delay,1310,2,expansion_851_1500
safety,1311,2,expansion_851_1500
engineer,1312,2,expansion_851_1500
quiet,1313,2,expansion_851_1500
insurance,1314,2,expansion_851_1500
nurse,1315,2,expansion_851_1500
divide,1316,2,expansion_851_1500
length,1317,2,expansion_851_1500
investigation,1318,2,expansion_851_1500
package,1319,2,expansion_851_1500
somewhere,1320,2,expansion_851_1500
expand,1321,2,expansion_851_1500
commit,1322,2,expansion_851_1500
obvious,1323,2,expansion_851_1500
jump,1324,2,expansion_851_1500
weapon,1325,2,expansion_851_1500
relatively,1326,2,expansion_851_1500
host,1327,2,expansion_851_1500
winter,1328,2,expansion_851_1500
district,1329,2,expansion_851_1500
broad,1330,2,expansion_851_1500
tire,1331,2,expansion_851_1500
spring,1332,2,expansion_851_1500
spirit,1333,2,expansion_851_1500
lunch,1334,2,expansion_851_1500
actual,1335,2,expansion_851_1500
pool,1336,2,expansion_851_1500
battle,1337,2,expansion_851_1500
tradition,1338,2,expansion_851_1500
cash,1339,2,expansion_851_1500
hardly,1340,2,expansion_851_1500
award,1341,2,expansion_851_1500
coach,1342,2,expansion_851_1500
experiment,1343,2,expansion_851_1500
consideration,1344,2,expansion_851_1500
strange,1345,2,expansion_851_1500
code,1346,2,expansion_851_1500
possibly,1347,2,expansion_851_1500
threat,1348,2,expansion_851_1500
accident,1349,2,expansion_851_1500
impossible,1350,2,expansion_851_1500
revenue,1351,2,expansion_851_1500
enable,1352,2,expansion_851_1500
afraid,1353,2,expansion_851_1500
active,1354,2,expansion_851_1500
conclude,1355,2,expansion_851_1500
religious,1356,2,expansion_851_1500
cancer,1357,2,expansion_851_1500
convince,1358,2,expansion_851_1500
vary,1359,2,expansion_851_1500
environmental,1360,2,expansion_851_1500
sun,1361,2,expansion_851_1500
healthy,1362,2,expansion_851_1500
blow,1363,2,expansion_851_1500
volume,1364,2,expansion_851_1500
location,1365,2,expansion_851_1500
invest,1366,2,expansion_851_1500
proceed,1367,2,expansion_851_1500
wash,1368,2,expansion_851_1500
actor,1369,2,expansion_851_1500
glad,1370,2,expansion_851_1500
tape,1371,2,expansion_851_1500
whereas,1372,2,expansion_851_1500
opposite,1373,2,expansion_851_1500
stone,1374,2,expansion_851_1500
sum,1375,2,expansion_851_1500
murder,1376,2,expansion_851_1500
monitor,1377,2,expansion_851_1500
soldier,1378,2,expansion_851_1500
finance,1379,2,expansion_851_1500
hate,1380,2,expansion_851_1500
egg,1381,2,expansion_851_1500
concert,1382,2,expansion_851_1500
shock,1383,2,expansion_851_1500
comfortable,1384,2,expansion_851_1500
usual,1385,2,expansion_851_1500
carefully,1386,2,expansion_851_1500
pack,1387,2,expansion_851_1500
recall,1388,2,expansion_851_1500
wine,1389,2,expansion_851_1500
camera,1390,2,expansion_851_1500
swim,1391,2,expansion_851_1500
manufacture,1392,2,expansion_851_1500
theater,1393,2,expansion_851_1500
cycle,1394,2,expansion_851_1500
coffee,1395,2,expansion_851_1500
totally,1396,2,expansion_851_1500
museum,1397,2,expansion_851_1500
visitor,1398,2,expansion_851_1500
freedom,1399,2,expansion_851_1500
construction,1400,2,expansion_851_1500
dear,1401,2,expansion_851_1500
objective,1402,2,expansion_851_1500
moreover,1403,2,expansion_851_1500
onto,1404,2,expansion_851_1500
historical,1405,2,expansion_851_1500
oppose,1406,2,expansion_851_1500
branch,1407,2,expansion_851_1500
vehicle,1408,2,expansion_851_1500
scientist,1409,2,expansion_851_1500
route,1410,2,expansion_851_1500
bind,1411,2,expansion_851_1500
belong,1412,2,expansion_851_1500
taste,1413,2,expansion_851_1500
tonight,1414,2,expansion_851_1500
fashion,1415,2,expansion_851_1500
danger,1416,2,expansion_851_1500
bomb,1417,2,expansion_851_1500
army,1418,2,expansion_851_1500
dangerous,1419,2,expansion_851_1500
decrease,1420,2,expansion_851_1500
hurt,1421,2,expansion_851_1500
council,1422,2,expansion_851_1500
editor,1423,2,expansion_851_1500
normally,1424,2,expansion_851_1500
sight,1425,2,expansion_851_1500
generate,1426,2,expansion_851_1500
gift,1427,2,expansion_851_1500
delivery,1428,2,expansion_851_1500
deny,1429,2,expansion_851_1500
guest,1430,2,expansion_851_1500
anybody,1431,2,expansion_851_1500
bedroom,1432,2,expansion_851_1500
quote,1433,2,expansion_851_1500
climb,1434,2,expansion_851_1500
basically,1435,2,expansion_851_1500
violence,1436,2,expansion_851_1500
minister,1437,2,expansion_851_1500
mainly,1438,2,expansion_851_1500
mouth,1439,2,expansion_851_1500
noise,1440,2,expansion_851_1500
manner,1441,2,expansion_851_1500
gun,1442,2,expansion_851_1500
square,1443,2,expansion_851_1500
occasion,1444,2,expansion_851_1500
familiar,1445,2,expansion_851_1500
ignore,1446,2,expansion_851_1500
destroy,1447,2,expansion_851_1500
affair,1448,2,expansion_851_1500
civil,1449,2,expansion_851_1500
locate,1450,2,expansion_851_1500
citizen,1451,2,expansion_851_1500
temperature,1452,2,expansion_851_1500
gold,1453,2,expansion_851_1500
domestic,1454,2,expansion_851_1500
load,1455,2,expansion_851_1500
belief,1456,2,expansion_851_1500
troop,1457,2,expansion_851_1500
technical,1458,2,expansion_851_1500
remind,1459,2,expansion_851_1500
arrangement,1460,2,expansion_851_1500
skin,1461,2,expansion_851_1500
prison,1462,2,expansion_851_1500
switch,1463,2,expansion_851_1500
acquire,1464,2,expansion_851_1500
corporate,1465,2,expansion_851_1500
fairly,1466,2,expansion_851_1500
wood,1467,2,expansion_851_1500
participate,1468,2,expansion_851_1500
tough,1469,2,expansion_851_1500
tear,1470,2,expansion_851_1500
representative,1471,2,expansion_851_1500
capacity,1472,2,expansion_851_1500
border,1473,2,expansion_851_1500
shake,1474,2,expansion_851_1500
assessment,1475,2,expansion_851_1500
shoe,1476,2,expansion_851_1500
ought,1477,2,expansion_851_1500
ad,1478,2,expansion_851_1500
fee,1479,2,expansion_851_1500
hall,1480,2,expansion_851_1500
regulation,1481,2,expansion_851_1500
escape,1482,2,expansion_851_1500
studio,1483,2,expansion_851_1500
proper,1484,2,expansion_851_1500
relax,1485,2,expansion_851_1500
tourist,1486,2,expansion_851_1500
component,1487,2,expansion_851_1500
afford,1488,2,expansion_851_1500
lawyer,1489,2,expansion_851_1500
suspect,1490,2,expansion_851_1500
cup,1491,2,expansion_851_1500
description,1492,2,expansion_851_1500
confidence,1493,2,expansion_851_1500
industrial,1494,2,expansion_851_1500
complain,1495,2,expansion_851_1500
perspective,1496,2,expansion_851_1500
error,1497,2,expansion_851_1500
arrest,1498,2,expansion_851_1500
assess,1499,2,expansion_851_1500
register,1500,2,expansion_851_1500
asset,1501,3,wider_core_1501_2809
signal,1502,3,wider_core_1501_2809
finger,1503,3,wider_core_1501_2809
relevant,1504,3,wider_core_1501_2809
explore,1505,3,wider_core_1501_2809
leadership,1506,3,wider_core_1501_2809
commitment,1507,3,wider_core_1501_2809
wake,1508,3,wider_core_1501_2809
necessarily,1509,3,wider_core_1501_2809
bright,1510,3,wider_core_1501_2809
frame,1511,3,wider_core_1501_2809
slowly,1512,3,wider_core_1501_2809
bond,1513,3,wider_core_1501_2809
hire,1514,3,wider_core_1501_2809
hole,1515,3,wider_core_1501_2809
tie,1516,3,wider_core_1501_2809
internal,1517,3,wider_core_1501_2809
chain,1518,3,wider_core_1501_2809
literature,1519,3,wider_core_1501_2809
victim,1520,3,wider_core_1501_2809
threaten,1521,3,wider_core_1501_2809
division,1522,3,wider_core_1501_2809
secure,1523,3,wider_core_1501_2809
amaze,1524,3,wider_core_1501_2809
device,1525,3,wider_core_1501_2809
birth,1526,3,wider_core_1501_2809
forest,1527,3,wider_core_1501_2809
label,1528,3,wider_core_1501_2809
root,1529,3,wider_core_1501_2809
factory,1530,3,wider_core_1501_2809
expense,1531,3,wider_core_1501_2809
channel,1532,3,wider_core_1501_2809
investigate,1533,3,wider_core_1501_2809
recommendation,1534,3,wider_core_1501_2809
rank,1535,3,wider_core_1501_2809
typical,1536,3,wider_core_1501_2809
west,1537,3,wider_core_1501_2809
friendly,1538,3,wider_core_1501_2809
resident,1539,3,wider_core_1501_2809
provision,1540,3,wider_core_1501_2809
concentrate,1541,3,wider_core_1501_2809
plenty,1542,3,wider_core_1501_2809
export,1543,3,wider_core_1501_2809
entirely,1544,3,wider_core_1501_2809
strongly,1545,3,wider_core_1501_2809
bridge,1546,3,wider_core_1501_2809
consist,1547,3,wider_core_1501_2809
graduate,1548,3,wider_core_1501_2809
brand,1549,3,wider_core_1501_2809
moral,1550,3,wider_core_1501_2809
insist,1551,3,wider_core_1501_2809
combination,1552,3,wider_core_1501_2809
abuse,1553,3,wider_core_1501_2809
ice,1554,3,wider_core_1501_2809
principal,1555,3,wider_core_1501_2809
master,1556,3,wider_core_1501_2809
definitely,1557,3,wider_core_1501_2809
session,1558,3,wider_core_1501_2809
grade,1559,3,wider_core_1501_2809
nevertheless,1560,3,wider_core_1501_2809
predict,1561,3,wider_core_1501_2809
previously,1562,3,wider_core_1501_2809
protection,1563,3,wider_core_1501_2809
largely,1564,3,wider_core_1501_2809
wed,1565,3,wider_core_1501_2809
rent,1566,3,wider_core_1501_2809
shot,1567,3,wider_core_1501_2809
appearance,1568,3,wider_core_1501_2809
reasonable,1569,3,wider_core_1501_2809
guarantee,1570,3,wider_core_1501_2809
till,1571,3,wider_core_1501_2809
theme,1572,3,wider_core_1501_2809
judgment,1573,3,wider_core_1501_2809
odd,1574,3,wider_core_1501_2809
approve,1575,3,wider_core_1501_2809
loan,1576,3,wider_core_1501_2809
definition,1577,3,wider_core_1501_2809
elect,1578,3,wider_core_1501_2809
atmosphere,1579,3,wider_core_1501_2809
farmer,1580,3,wider_core_1501_2809
comparison,1581,3,wider_core_1501_2809
characteristic,1582,3,wider_core_1501_2809
license,1583,3,wider_core_1501_2809
rely,1584,3,wider_core_1501_2809
narrow,1585,3,wider_core_1501_2809
succeed,1586,3,wider_core_1501_2809
identity,1587,3,wider_core_1501_2809
desk,1588,3,wider_core_1501_2809
permit,1589,3,wider_core_1501_2809
seriously,1590,3,wider_core_1501_2809
wild,1591,3,wider_core_1501_2809
empty,1592,3,wider_core_1501_2809
commission,1593,3,wider_core_1501_2809
unique,1594,3,wider_core_1501_2809
association,1595,3,wider_core_1501_2809
instrument,1596,3,wider_core_1501_2809
investor,1597,3,wider_core_1501_2809
practical,1598,3,wider_core_1501_2809
tea,1599,3,wider_core_1501_2809
lovely,1600,3,wider_core_1501_2809
soft,1601,3,wider_core_1501_2809
row,1602,3,wider_core_1501_2809
youth,1603,3,wider_core_1501_2809
lock,1604,3,wider_core_1501_2809
fuel,1605,3,wider_core_1501_2809
expectation,1606,3,wider_core_1501_2809
employment,1607,3,wider_core_1501_2809
celebrate,1608,3,wider_core_1501_2809
sexual,1609,3,wider_core_1501_2809
shoulder,1610,3,wider_core_1501_2809
breath,1611,3,wider_core_1501_2809
increasingly,1612,3,wider_core_1501_2809
import,1613,3,wider_core_1501_2809
bottle,1614,3,wider_core_1501_2809
ourselves,1615,3,wider_core_1501_2809
sheet,1616,3,wider_core_1501_2809
engine,1617,3,wider_core_1501_2809
cast,1618,3,wider_core_1501_2809
notion,1619,3,wider_core_1501_2809
conservative,1620,3,wider_core_1501_2809
journey,1621,3,wider_core_1501_2809
opposition,1622,3,wider_core_1501_2809
relief,1623,3,wider_core_1501_2809
debt,1624,3,wider_core_1501_2809
honor,1625,3,wider_core_1501_2809
outcome,1626,3,wider_core_1501_2809
blame,1627,3,wider_core_1501_2809
explanation,1628,3,wider_core_1501_2809
arise,1629,3,wider_core_1501_2809
musical,1630,3,wider_core_1501_2809
recover,1631,3,wider_core_1501_2809
dad,1632,3,wider_core_1501_2809
stretch,1633,3,wider_core_1501_2809
declare,1634,3,wider_core_1501_2809
retire,1635,3,wider_core_1501_2809
tiny,1636,3,wider_core_1501_2809
careful,1637,3,wider_core_1501_2809
suitable,1638,3,wider_core_1501_2809
native,1639,3,wider_core_1501_2809
fruit,1640,3,wider_core_1501_2809
analyze,1641,3,wider_core_1501_2809
witness,1642,3,wider_core_1501_2809
mail,1643,3,wider_core_1501_2809
terrible,1644,3,wider_core_1501_2809
researcher,1645,3,wider_core_1501_2809
ordinary,1646,3,wider_core_1501_2809
selection,1647,3,wider_core_1501_2809
anywhere,1648,3,wider_core_1501_2809
mental,1649,3,wider_core_1501_2809
participant,1650,3,wider_core_1501_2809
vision,1651,3,wider_core_1501_2809
personality,1652,3,wider_core_1501_2809
specifically,1653,3,wider_core_1501_2809
fat,1654,3,wider_core_1501_2809
entry,1655,3,wider_core_1501_2809
fellow,1656,3,wider_core_1501_2809
chemical,1657,3,wider_core_1501_2809
capture,1658,3,wider_core_1501_2809
tip,1659,3,wider_core_1501_2809
discount,1660,3,wider_core_1501_2809
peak,1661,3,wider_core_1501_2809
chairman,1662,3,wider_core_1501_2809
proportion,1663,3,wider_core_1501_2809
ear,1664,3,wider_core_1501_2809
disappear,1665,3,wider_core_1501_2809
shout,1666,3,wider_core_1501_2809
yard,1667,3,wider_core_1501_2809
constant,1668,3,wider_core_1501_2809
significantly,1669,3,wider_core_1501_2809
hill,1670,3,wider_core_1501_2809
considerable,1671,3,wider_core_1501_2809
instruction,1672,3,wider_core_1501_2809
intelligence,1673,3,wider_core_1501_2809
ideal,1674,3,wider_core_1501_2809
folk,1675,3,wider_core_1501_2809
surely,1676,3,wider_core_1501_2809
guard,1677,3,wider_core_1501_2809
cat,1678,3,wider_core_1501_2809
somewhat,1679,3,wider_core_1501_2809
kiss,1680,3,wider_core_1501_2809
presentation,1681,3,wider_core_1501_2809
joint,1682,3,wider_core_1501_2809
compete,1683,3,wider_core_1501_2809
poll,1684,3,wider_core_1501_2809
weak,1685,3,wider_core_1501_2809
faith,1686,3,wider_core_1501_2809
reduction,1687,3,wider_core_1501_2809
reserve,1688,3,wider_core_1501_2809
complaint,1689,3,wider_core_1501_2809
bore,1690,3,wider_core_1501_2809
mission,1691,3,wider_core_1501_2809
somehow,1692,3,wider_core_1501_2809
tone,1693,3,wider_core_1501_2809
neighborhood,1694,3,wider_core_1501_2809
passenger,1695,3,wider_core_1501_2809
justice,1696,3,wider_core_1501_2809
phase,1697,3,wider_core_1501_2809
thin,1698,3,wider_core_1501_2809
rush,1699,3,wider_core_1501_2809
formal,1700,3,wider_core_1501_2809
religion,1701,3,wider_core_1501_2809
employer,1702,3,wider_core_1501_2809
reject,1703,3,wider_core_1501_2809
latter,1704,3,wider_core_1501_2809
plate,1705,3,wider_core_1501_2809
ban,1706,3,wider_core_1501_2809
steal,1707,3,wider_core_1501_2809
protest,1708,3,wider_core_1501_2809
index,1709,3,wider_core_1501_2809
sad,1710,3,wider_core_1501_2809
frequently,1711,3,wider_core_1501_2809
circle,1712,3,wider_core_1501_2809
helpful,1713,3,wider_core_1501_2809
command,1714,3,wider_core_1501_2809
attractive,1715,3,wider_core_1501_2809
sick,1716,3,wider_core_1501_2809
impression,1717,3,wider_core_1501_2809
unable,1718,3,wider_core_1501_2809
joke,1719,3,wider_core_1501_2809
sky,1720,3,wider_core_1501_2809
column,1721,3,wider_core_1501_2809
electronic,1722,3,wider_core_1501_2809
impose,1723,3,wider_core_1501_2809
criminal,1724,3,wider_core_1501_2809
besides,1725,3,wider_core_1501_2809
properly,1726,3,wider_core_1501_2809
ancient,1727,3,wider_core_1501_2809
coast,1728,3,wider_core_1501_2809
ill,1729,3,wider_core_1501_2809
kick,1730,3,wider_core_1501_2809
closely,1731,3,wider_core_1501_2809
multiple,1732,3,wider_core_1501_2809
yield,1733,3,wider_core_1501_2809
via,1734,3,wider_core_1501_2809
legislation,1735,3,wider_core_1501_2809
county,1736,3,wider_core_1501_2809
unlike,1737,3,wider_core_1501_2809
mobile,1738,3,wider_core_1501_2809
assistant,1739,3,wider_core_1501_2809
implement,1740,3,wider_core_1501_2809
chart,1741,3,wider_core_1501_2809
attach,1742,3,wider_core_1501_2809
hell,1743,3,wider_core_1501_2809
everywhere,1744,3,wider_core_1501_2809
advise,1745,3,wider_core_1501_2809
household,1746,3,wider_core_1501_2809
acknowledge,1747,3,wider_core_1501_2809
reward,1748,3,wider_core_1501_2809
east,1749,3,wider_core_1501_2809
hat,1750,3,wider_core_1501_2809
academic,1751,3,wider_core_1501_2809
voter,1752,3,wider_core_1501_2809
meanwhile,1753,3,wider_core_1501_2809
furthermore,1754,3,wider_core_1501_2809
accuse,1755,3,wider_core_1501_2809
scientific,1756,3,wider_core_1501_2809
wage,1757,3,wider_core_1501_2809
absence,1758,3,wider_core_1501_2809
construct,1759,3,wider_core_1501_2809
remark,1760,3,wider_core_1501_2809
medicine,1761,3,wider_core_1501_2809
professor,1762,3,wider_core_1501_2809
rare,1763,3,wider_core_1501_2809
intention,1764,3,wider_core_1501_2809
dozen,1765,3,wider_core_1501_2809
settlement,1766,3,wider_core_1501_2809
gap,1767,3,wider_core_1501_2809
widely,1768,3,wider_core_1501_2809
minimum,1769,3,wider_core_1501_2809
northern,1770,3,wider_core_1501_2809
estate,1771,3,wider_core_1501_2809
equally,1772,3,wider_core_1501_2809
expose,1773,3,wider_core_1501_2809
alive,1774,3,wider_core_1501_2809
shut,1775,3,wider_core_1501_2809
victory,1776,3,wider_core_1501_2809
resolve,1777,3,wider_core_1501_2809
critic,1778,3,wider_core_1501_2809
variable,1779,3,wider_core_1501_2809
enormous,1780,3,wider_core_1501_2809
sweet,1781,3,wider_core_1501_2809
permanent,1782,3,wider_core_1501_2809
emotion,1783,3,wider_core_1501_2809
pursue,1784,3,wider_core_1501_2809
tall,1785,3,wider_core_1501_2809
urge,1786,3,wider_core_1501_2809
enemy,1787,3,wider_core_1501_2809
appoint,1788,3,wider_core_1501_2809
milk,1789,3,wider_core_1501_2809
talent,1790,3,wider_core_1501_2809
smell,1791,3,wider_core_1501_2809
prior,1792,3,wider_core_1501_2809
priority,1793,3,wider_core_1501_2809
online,1794,3,wider_core_1501_2809
phrase,1795,3,wider_core_1501_2809
pilot,1796,3,wider_core_1501_2809
stable,1797,3,wider_core_1501_2809
merely,1798,3,wider_core_1501_2809
resolution,1799,3,wider_core_1501_2809
communicate,1800,3,wider_core_1501_2809
injury,1801,3,wider_core_1501_2809
vast,1802,3,wider_core_1501_2809
exhibition,1803,3,wider_core_1501_2809
producer,1804,3,wider_core_1501_2809
regional,1805,3,wider_core_1501_2809
immediate,1806,3,wider_core_1501_2809
incident,1807,3,wider_core_1501_2809
childhood,1808,3,wider_core_1501_2809
draft,1809,3,wider_core_1501_2809
slip,1810,3,wider_core_1501_2809
accompany,1811,3,wider_core_1501_2809
politician,1812,3,wider_core_1501_2809
angry,1813,3,wider_core_1501_2809
knock,1814,3,wider_core_1501_2809
seed,1815,3,wider_core_1501_2809
salary,1816,3,wider_core_1501_2809
illustrate,1817,3,wider_core_1501_2809
imply,1818,3,wider_core_1501_2809
breakfast,1819,3,wider_core_1501_2809
temporary,1820,3,wider_core_1501_2809
liberal,1821,3,wider_core_1501_2809
lake,1822,3,wider_core_1501_2809
qualify,1823,3,wider_core_1501_2809
competitive,1824,3,wider_core_1501_2809
truly,1825,3,wider_core_1501_2809
hi,1826,3,wider_core_1501_2809
yellow,1827,3,wider_core_1501_2809
habit,1828,3,wider_core_1501_2809
disk,1829,3,wider_core_1501_2809
core,1830,3,wider_core_1501_2809
emotional,1831,3,wider_core_1501_2809
aircraft,1832,3,wider_core_1501_2809
self,1833,3,wider_core_1501_2809
metal,1834,3,wider_core_1501_2809
existence,1835,3,wider_core_1501_2809
bone,1836,3,wider_core_1501_2809
panel,1837,3,wider_core_1501_2809
prime,1838,3,wider_core_1501_2809
appointment,1839,3,wider_core_1501_2809
emphasize,1840,3,wider_core_1501_2809
maximum,1841,3,wider_core_1501_2809
effectively,1842,3,wider_core_1501_2809
elsewhere,1843,3,wider_core_1501_2809
bother,1844,3,wider_core_1501_2809
initiative,1845,3,wider_core_1501_2809
sharp,1846,3,wider_core_1501_2809
diet,1847,3,wider_core_1501_2809
motion,1848,3,wider_core_1501_2809
gray,1849,3,wider_core_1501_2809
plastic,1850,3,wider_core_1501_2809
complicate,1851,3,wider_core_1501_2809
discipline,1852,3,wider_core_1501_2809
disappoint,1853,3,wider_core_1501_2809
boss,1854,3,wider_core_1501_2809
assumption,1855,3,wider_core_1501_2809
freeze,1856,3,wider_core_1501_2809
extreme,1857,3,wider_core_1501_2809
passage,1858,3,wider_core_1501_2809
reputation,1859,3,wider_core_1501_2809
forth,1860,3,wider_core_1501_2809
negotiation,1861,3,wider_core_1501_2809
mechanism,1862,3,wider_core_1501_2809
coat,1863,3,wider_core_1501_2809
democracy,1864,3,wider_core_1501_2809
pocket,1865,3,wider_core_1501_2809
lucky,1866,3,wider_core_1501_2809
crash,1867,3,wider_core_1501_2809
observation,1868,3,wider_core_1501_2809
meat,1869,3,wider_core_1501_2809
concentration,1870,3,wider_core_1501_2809
implication,1871,3,wider_core_1501_2809
deserve,1872,3,wider_core_1501_2809
unusual,1873,3,wider_core_1501_2809
defend,1874,3,wider_core_1501_2809
classic,1875,3,wider_core_1501_2809
king,1876,3,wider_core_1501_2809
interaction,1877,3,wider_core_1501_2809
repair,1878,3,wider_core_1501_2809
collapse,1879,3,wider_core_1501_2809
borrow,1880,3,wider_core_1501_2809
fundamental,1881,3,wider_core_1501_2809
dish,1882,3,wider_core_1501_2809
abroad,1883,3,wider_core_1501_2809
soul,1884,3,wider_core_1501_2809
capable,1885,3,wider_core_1501_2809
defeat,1886,3,wider_core_1501_2809
presidential,1887,3,wider_core_1501_2809
perfectly,1888,3,wider_core_1501_2809
enhance,1889,3,wider_core_1501_2809
proud,1890,3,wider_core_1501_2809
emergency,1891,3,wider_core_1501_2809
educational,1892,3,wider_core_1501_2809
distinguish,1893,3,wider_core_1501_2809
substantial,1894,3,wider_core_1501_2809
nearby,1895,3,wider_core_1501_2809
manufacturer,1896,3,wider_core_1501_2809
slide,1897,3,wider_core_1501_2809
valuable,1898,3,wider_core_1501_2809
personally,1899,3,wider_core_1501_2809
breast,1900,3,wider_core_1501_2809
cope,1901,3,wider_core_1501_2809
approximately,1902,3,wider_core_1501_2809
accommodation,1903,3,wider_core_1501_2809
highlight,1904,3,wider_core_1501_2809
reporter,1905,3,wider_core_1501_2809
climate,1906,3,wider_core_1501_2809
shirt,1907,3,wider_core_1501_2809
exception,1908,3,wider_core_1501_2809
corporation,1909,3,wider_core_1501_2809
chip,1910,3,wider_core_1501_2809
winner,1911,3,wider_core_1501_2809
encounter,1912,3,wider_core_1501_2809
brown,1913,3,wider_core_1501_2809
breathe,1914,3,wider_core_1501_2809
excuse,1915,3,wider_core_1501_2809
partly,1916,3,wider_core_1501_2809
tennis,1917,3,wider_core_1501_2809
urban,1918,3,wider_core_1501_2809
confuse,1919,3,wider_core_1501_2809
southern,1920,3,wider_core_1501_2809
output,1921,3,wider_core_1501_2809
beauty,1922,3,wider_core_1501_2809
massive,1923,3,wider_core_1501_2809
install,1924,3,wider_core_1501_2809
calculate,1925,3,wider_core_1501_2809
mouse,1926,3,wider_core_1501_2809
mathematics,1927,3,wider_core_1501_2809
upper,1928,3,wider_core_1501_2809
creation,1929,3,wider_core_1501_2809
occupy,1930,3,wider_core_1501_2809
outline,1931,3,wider_core_1501_2809
sufficient,1932,3,wider_core_1501_2809
update,1933,3,wider_core_1501_2809
luck,1934,3,wider_core_1501_2809
preserve,1935,3,wider_core_1501_2809
split,1936,3,wider_core_1501_2809
swing,1937,3,wider_core_1501_2809
illness,1938,3,wider_core_1501_2809
journalist,1939,3,wider_core_1501_2809
sudden,1940,3,wider_core_1501_2809
advertisement,1941,3,wider_core_1501_2809
consistent,1942,3,wider_core_1501_2809
originally,1943,3,wider_core_1501_2809
aside,1944,3,wider_core_1501_2809
comfort,1945,3,wider_core_1501_2809
secondly,1946,3,wider_core_1501_2809
severe,1947,3,wider_core_1501_2809
gene,1948,3,wider_core_1501_2809
prospect,1949,3,wider_core_1501_2809
snow,1950,3,wider_core_1501_2809
plot,1951,3,wider_core_1501_2809
neck,1952,3,wider_core_1501_2809
criteria,1953,3,wider_core_1501_2809
primarily,1954,3,wider_core_1501_2809
integrate,1955,3,wider_core_1501_2809
criticism,1956,3,wider_core_1501_2809
convention,1957,3,wider_core_1501_2809
bet,1958,3,wider_core_1501_2809
retain,1959,3,wider_core_1501_2809
sequence,1960,3,wider_core_1501_2809
plain,1961,3,wider_core_1501_2809
volunteer,1962,3,wider_core_1501_2809
rural,1963,3,wider_core_1501_2809
calm,1964,3,wider_core_1501_2809
abandon,1965,3,wider_core_1501_2809
examination,1966,3,wider_core_1501_2809
silence,1967,3,wider_core_1501_2809
rapidly,1968,3,wider_core_1501_2809
efficient,1969,3,wider_core_1501_2809
revolution,1970,3,wider_core_1501_2809
delight,1971,3,wider_core_1501_2809
spell,1972,3,wider_core_1501_2809
premise,1973,3,wider_core_1501_2809
lean,1974,3,wider_core_1501_2809
dramatic,1975,3,wider_core_1501_2809
differ,1976,3,wider_core_1501_2809
grateful,1977,3,wider_core_1501_2809
protein,1978,3,wider_core_1501_2809
bike,1979,3,wider_core_1501_2809
distribute,1980,3,wider_core_1501_2809
intellectual,1981,3,wider_core_1501_2809
derive,1982,3,wider_core_1501_2809
crucial,1983,3,wider_core_1501_2809
unemployment,1984,3,wider_core_1501_2809
wheel,1985,3,wider_core_1501_2809
crop,1986,3,wider_core_1501_2809
minority,1987,3,wider_core_1501_2809
origin,1988,3,wider_core_1501_2809
interpretation,1989,3,wider_core_1501_2809
gentleman,1990,3,wider_core_1501_2809
drama,1991,3,wider_core_1501_2809
landscape,1992,3,wider_core_1501_2809
educate,1993,3,wider_core_1501_2809
toy,1994,3,wider_core_1501_2809
fault,1995,3,wider_core_1501_2809
exhibit,1996,3,wider_core_1501_2809
minor,1997,3,wider_core_1501_2809
hunt,1998,3,wider_core_1501_2809
storm,1999,3,wider_core_1501_2809
thick,2000,3,wider_core_1501_2809
achievement,2001,3,wider_core_1501_2809
negotiate,2002,3,wider_core_1501_2809
dominate,2003,3,wider_core_1501_2809
supplier,2004,3,wider_core_1501_2809
prize,2005,3,wider_core_1501_2809
typically,2006,3,wider_core_1501_2809
peer,2007,3,wider_core_1501_2809
pension,2008,3,wider_core_1501_2809
wing,2009,3,wider_core_1501_2809
acquisition,2010,3,wider_core_1501_2809
laughter,2011,3,wider_core_1501_2809
deeply,2012,3,wider_core_1501_2809
recognition,2013,3,wider_core_1501_2809
electricity,2014,3,wider_core_1501_2809
assistance,2015,3,wider_core_1501_2809
roof,2016,3,wider_core_1501_2809
retirement,2017,3,wider_core_1501_2809
respectively,2018,3,wider_core_1501_2809
variation,2019,3,wider_core_1501_2809
ultimately,2020,3,wider_core_1501_2809
proof,2021,3,wider_core_1501_2809
soil,2022,3,wider_core_1501_2809
smart,2023,3,wider_core_1501_2809
layer,2024,3,wider_core_1501_2809
upset,2025,3,wider_core_1501_2809
tooth,2026,3,wider_core_1501_2809
representation,2027,3,wider_core_1501_2809
preparation,2028,3,wider_core_1501_2809
dispute,2029,3,wider_core_1501_2809
agenda,2030,3,wider_core_1501_2809
emphasis,2031,3,wider_core_1501_2809
edition,2032,3,wider_core_1501_2809
silver,2033,3,wider_core_1501_2809
entertainment,2034,3,wider_core_1501_2809
honest,2035,3,wider_core_1501_2809
undertake,2036,3,wider_core_1501_2809
retail,2037,3,wider_core_1501_2809
wire,2038,3,wider_core_1501_2809
unlikely,2039,3,wider_core_1501_2809
gay,2040,3,wider_core_1501_2809
publication,2041,3,wider_core_1501_2809
slight,2042,3,wider_core_1501_2809
unknown,2043,3,wider_core_1501_2809
framework,2044,3,wider_core_1501_2809
zone,2045,3,wider_core_1501_2809
restrict,2046,3,wider_core_1501_2809
trace,2047,3,wider_core_1501_2809
inch,2048,3,wider_core_1501_2809
equivalent,2049,3,wider_core_1501_2809
solid,2050,3,wider_core_1501_2809
enterprise,2051,3,wider_core_1501_2809
elderly,2052,3,wider_core_1501_2809
owe,2053,3,wider_core_1501_2809
governor,2054,3,wider_core_1501_2809
uniform,2055,3,wider_core_1501_2809
port,2056,3,wider_core_1501_2809
pitch,2057,3,wider_core_1501_2809
arrival,2058,3,wider_core_1501_2809
contemporary,2059,3,wider_core_1501_2809
gate,2060,3,wider_core_1501_2809
ease,2061,3,wider_core_1501_2809
beer,2062,3,wider_core_1501_2809
specialist,2063,3,wider_core_1501_2809
assure,2064,3,wider_core_1501_2809
profile,2065,3,wider_core_1501_2809
mood,2066,3,wider_core_1501_2809
episode,2067,3,wider_core_1501_2809
crack,2068,3,wider_core_1501_2809
numerous,2069,3,wider_core_1501_2809
submit,2070,3,wider_core_1501_2809
symptom,2071,3,wider_core_1501_2809
virtually,2072,3,wider_core_1501_2809
era,2073,3,wider_core_1501_2809
coverage,2074,3,wider_core_1501_2809
tension,2075,3,wider_core_1501_2809
cable,2076,3,wider_core_1501_2809
sensitive,2077,3,wider_core_1501_2809
nervous,2078,3,wider_core_1501_2809
input,2079,3,wider_core_1501_2809
isolate,2080,3,wider_core_1501_2809
prisoner,2081,3,wider_core_1501_2809
eliminate,2082,3,wider_core_1501_2809
tight,2083,3,wider_core_1501_2809
wet,2084,3,wider_core_1501_2809
secondary,2085,3,wider_core_1501_2809
welfare,2086,3,wider_core_1501_2809
recruit,2087,3,wider_core_1501_2809
exclude,2088,3,wider_core_1501_2809
string,2089,3,wider_core_1501_2809
cloud,2090,3,wider_core_1501_2809
persuade,2091,3,wider_core_1501_2809
inspire,2092,3,wider_core_1501_2809
grand,2093,3,wider_core_1501_2809
hence,2094,3,wider_core_1501_2809
crew,2095,3,wider_core_1501_2809
phenomenon,2096,3,wider_core_1501_2809
pupil,2097,3,wider_core_1501_2809
FALSE,2098,3,wider_core_1501_2809
assist,2099,3,wider_core_1501_2809
restore,2100,3,wider_core_1501_2809
formula,2101,3,wider_core_1501_2809
alter,2102,3,wider_core_1501_2809
perceive,2103,3,wider_core_1501_2809
routine,2104,3,wider_core_1501_2809
sink,2105,3,wider_core_1501_2809
stare,2106,3,wider_core_1501_2809
anymore,2107,3,wider_core_1501_2809
hero,2108,3,wider_core_1501_2809
supporter,2109,3,wider_core_1501_2809
convert,2110,3,wider_core_1501_2809
steady,2111,3,wider_core_1501_2809
meter,2112,3,wider_core_1501_2809
truck,2113,3,wider_core_1501_2809
nose,2114,3,wider_core_1501_2809
beside,2115,3,wider_core_1501_2809
sail,2116,3,wider_core_1501_2809
disaster,2117,3,wider_core_1501_2809
pace,2118,3,wider_core_1501_2809
heavily,2119,3,wider_core_1501_2809
devote,2120,3,wider_core_1501_2809
terrorist,2121,3,wider_core_1501_2809
justify,2122,3,wider_core_1501_2809
vital,2123,3,wider_core_1501_2809
fascinate,2124,3,wider_core_1501_2809
external,2125,3,wider_core_1501_2809
spare,2126,3,wider_core_1501_2809
whenever,2127,3,wider_core_1501_2809
depression,2128,3,wider_core_1501_2809
guilty,2129,3,wider_core_1501_2809
underlie,2130,3,wider_core_1501_2809
mom,2131,3,wider_core_1501_2809
distinction,2132,3,wider_core_1501_2809
satisfaction,2133,3,wider_core_1501_2809
incorporate,2134,3,wider_core_1501_2809
pour,2135,3,wider_core_1501_2809
sweep,2136,3,wider_core_1501_2809
obligation,2137,3,wider_core_1501_2809
sir,2138,3,wider_core_1501_2809
evaluate,2139,3,wider_core_1501_2809
anger,2140,3,wider_core_1501_2809
pub,2141,3,wider_core_1501_2809
perception,2142,3,wider_core_1501_2809
naturally,2143,3,wider_core_1501_2809
currency,2144,3,wider_core_1501_2809
database,2145,3,wider_core_1501_2809
initially,2146,3,wider_core_1501_2809
territory,2147,3,wider_core_1501_2809
stream,2148,3,wider_core_1501_2809
rarely,2149,3,wider_core_1501_2809
height,2150,3,wider_core_1501_2809
apparent,2151,3,wider_core_1501_2809
western,2152,3,wider_core_1501_2809
expansion,2153,3,wider_core_1501_2809
constantly,2154,3,wider_core_1501_2809
muscle,2155,3,wider_core_1501_2809
scare,2156,3,wider_core_1501_2809
badly,2157,3,wider_core_1501_2809
everyday,2158,3,wider_core_1501_2809
boundary,2159,3,wider_core_1501_2809
ratio,2160,3,wider_core_1501_2809
essay,2161,3,wider_core_1501_2809
scream,2162,3,wider_core_1501_2809
withdraw,2163,3,wider_core_1501_2809
pollution,2164,3,wider_core_1501_2809
disorder,2165,3,wider_core_1501_2809
furniture,2166,3,wider_core_1501_2809
symbol,2167,3,wider_core_1501_2809
apartment,2168,3,wider_core_1501_2809
demonstration,2169,3,wider_core_1501_2809
analyst,2170,3,wider_core_1501_2809
platform,2171,3,wider_core_1501_2809
steel,2172,3,wider_core_1501_2809
cake,2173,3,wider_core_1501_2809
transform,2174,3,wider_core_1501_2809
wound,2175,3,wider_core_1501_2809
restriction,2176,3,wider_core_1501_2809
foundation,2177,3,wider_core_1501_2809
designer,2178,3,wider_core_1501_2809
strain,2179,3,wider_core_1501_2809
innovation,2180,3,wider_core_1501_2809
album,2181,3,wider_core_1501_2809
singer,2182,3,wider_core_1501_2809
trail,2183,3,wider_core_1501_2809
trap,2184,3,wider_core_1501_2809
loose,2185,3,wider_core_1501_2809
extension,2186,3,wider_core_1501_2809
wealth,2187,3,wider_core_1501_2809
gradually,2188,3,wider_core_1501_2809
tank,2189,3,wider_core_1501_2809
evil,2190,3,wider_core_1501_2809
remarkable,2191,3,wider_core_1501_2809
tune,2192,3,wider_core_1501_2809
grass,2193,3,wider_core_1501_2809
invitation,2194,3,wider_core_1501_2809
transition,2195,3,wider_core_1501_2809
frighten,2196,3,wider_core_1501_2809
bid,2197,3,wider_core_1501_2809
breed,2198,3,wider_core_1501_2809
extraordinary,2199,3,wider_core_1501_2809
brilliant,2200,3,wider_core_1501_2809
adviser,2201,3,wider_core_1501_2809
stem,2202,3,wider_core_1501_2809
reverse,2203,3,wider_core_1501_2809
mode,2204,3,wider_core_1501_2809
mirror,2205,3,wider_core_1501_2809
awful,2206,3,wider_core_1501_2809
pose,2207,3,wider_core_1501_2809
adjust,2208,3,wider_core_1501_2809
creative,2209,3,wider_core_1501_2809
nowadays,2210,3,wider_core_1501_2809
poem,2211,3,wider_core_1501_2809
agricultural,2212,3,wider_core_1501_2809
competitor,2213,3,wider_core_1501_2809
alcohol,2214,3,wider_core_1501_2809
festival,2215,3,wider_core_1501_2809
vegetable,2216,3,wider_core_1501_2809
van,2217,3,wider_core_1501_2809
confident,2218,3,wider_core_1501_2809
planet,2219,3,wider_core_1501_2809
curve,2220,3,wider_core_1501_2809
knee,2221,3,wider_core_1501_2809
overcome,2222,3,wider_core_1501_2809
web,2223,3,wider_core_1501_2809
depth,2224,3,wider_core_1501_2809
entrance,2225,3,wider_core_1501_2809
log,2226,3,wider_core_1501_2809
giant,2227,3,wider_core_1501_2809
god,2228,3,wider_core_1501_2809
portion,2229,3,wider_core_1501_2809
substance,2230,3,wider_core_1501_2809
extensive,2231,3,wider_core_1501_2809
interpret,2232,3,wider_core_1501_2809
independence,2233,3,wider_core_1501_2809
sugar,2234,3,wider_core_1501_2809
inner,2235,3,wider_core_1501_2809
harm,2236,3,wider_core_1501_2809
consult,2237,3,wider_core_1501_2809
pink,2238,3,wider_core_1501_2809
shadow,2239,3,wider_core_1501_2809
strip,2240,3,wider_core_1501_2809
smooth,2241,3,wider_core_1501_2809
intervention,2242,3,wider_core_1501_2809
impress,2243,3,wider_core_1501_2809
exam,2244,3,wider_core_1501_2809
vice,2245,3,wider_core_1501_2809
radical,2246,3,wider_core_1501_2809
similarly,2247,3,wider_core_1501_2809
behave,2248,3,wider_core_1501_2809
loud,2249,3,wider_core_1501_2809
dimension,2250,3,wider_core_1501_2809
subsequent,2251,3,wider_core_1501_2809
infection,2252,3,wider_core_1501_2809
jacket,2253,3,wider_core_1501_2809
efficiency,2254,3,wider_core_1501_2809
dirty,2255,3,wider_core_1501_2809
statistic,2256,3,wider_core_1501_2809
regularly,2257,3,wider_core_1501_2809
resort,2258,3,wider_core_1501_2809
iron,2259,3,wider_core_1501_2809
broadcast,2260,3,wider_core_1501_2809
membership,2261,3,wider_core_1501_2809
bread,2262,3,wider_core_1501_2809
blind,2263,3,wider_core_1501_2809
pure,2264,3,wider_core_1501_2809
bloody,2265,3,wider_core_1501_2809
ally,2266,3,wider_core_1501_2809
quantity,2267,3,wider_core_1501_2809
bend,2268,3,wider_core_1501_2809
mature,2269,3,wider_core_1501_2809
briefly,2270,3,wider_core_1501_2809
alarm,2271,3,wider_core_1501_2809
disturb,2272,3,wider_core_1501_2809
sustain,2273,3,wider_core_1501_2809
flood,2274,3,wider_core_1501_2809
poverty,2275,3,wider_core_1501_2809
crazy,2276,3,wider_core_1501_2809
cite,2277,3,wider_core_1501_2809
newly,2278,3,wider_core_1501_2809
parallel,2279,3,wider_core_1501_2809
gender,2280,3,wider_core_1501_2809
sponsor,2281,3,wider_core_1501_2809
boot,2282,3,wider_core_1501_2809
accurate,2283,3,wider_core_1501_2809
dealer,2284,3,wider_core_1501_2809
button,2285,3,wider_core_1501_2809
burden,2286,3,wider_core_1501_2809
desert,2287,3,wider_core_1501_2809
mate,2288,3,wider_core_1501_2809
occasionally,2289,3,wider_core_1501_2809
shareholder,2290,3,wider_core_1501_2809
bowl,2291,3,wider_core_1501_2809
discovery,2292,3,wider_core_1501_2809
resistance,2293,3,wider_core_1501_2809
bath,2294,3,wider_core_1501_2809
frequency,2295,3,wider_core_1501_2809
criticize,2296,3,wider_core_1501_2809
tap,2297,3,wider_core_1501_2809
philosophy,2298,3,wider_core_1501_2809
lip,2299,3,wider_core_1501_2809
attribute,2300,3,wider_core_1501_2809
apologize,2301,3,wider_core_1501_2809
approval,2302,3,wider_core_1501_2809
grab,2303,3,wider_core_1501_2809
entitle,2304,3,wider_core_1501_2809
lend,2305,3,wider_core_1501_2809
involvement,2306,3,wider_core_1501_2809
exposure,2307,3,wider_core_1501_2809
conventional,2308,3,wider_core_1501_2809
digital,2309,3,wider_core_1501_2809
translate,2310,3,wider_core_1501_2809
edit,2311,3,wider_core_1501_2809
formation,2312,3,wider_core_1501_2809
deposit,2313,3,wider_core_1501_2809
pleasant,2314,3,wider_core_1501_2809
overseas,2315,3,wider_core_1501_2809
advocate,2316,3,wider_core_1501_2809
establishment,2317,3,wider_core_1501_2809
summary,2318,3,wider_core_1501_2809
rough,2319,3,wider_core_1501_2809
pen,2320,3,wider_core_1501_2809
recovery,2321,3,wider_core_1501_2809
seal,2322,3,wider_core_1501_2809
tube,2323,3,wider_core_1501_2809
tower,2324,3,wider_core_1501_2809
characterize,2325,3,wider_core_1501_2809
specify,2326,3,wider_core_1501_2809
exact,2327,3,wider_core_1501_2809
spin,2328,3,wider_core_1501_2809
operator,2329,3,wider_core_1501_2809
infant,2330,3,wider_core_1501_2809
dig,2331,3,wider_core_1501_2809
drag,2332,3,wider_core_1501_2809
mount,2333,3,wider_core_1501_2809
wrap,2334,3,wider_core_1501_2809
anticipate,2335,3,wider_core_1501_2809
dependent,2336,3,wider_core_1501_2809
specialize,2337,3,wider_core_1501_2809
angle,2338,3,wider_core_1501_2809
chicken,2339,3,wider_core_1501_2809
anxiety,2340,3,wider_core_1501_2809
virus,2341,3,wider_core_1501_2809
precisely,2342,3,wider_core_1501_2809
rival,2343,3,wider_core_1501_2809
offense,2344,3,wider_core_1501_2809
detect,2345,3,wider_core_1501_2809
teenager,2346,3,wider_core_1501_2809
admire,2347,3,wider_core_1501_2809
moderate,2348,3,wider_core_1501_2809
surgery,2349,3,wider_core_1501_2809
musician,2350,3,wider_core_1501_2809
significance,2351,3,wider_core_1501_2809
shower,2352,3,wider_core_1501_2809
illegal,2353,3,wider_core_1501_2809
charity,2354,3,wider_core_1501_2809
universal,2355,3,wider_core_1501_2809
cigarette,2356,3,wider_core_1501_2809
constitute,2357,3,wider_core_1501_2809
adequate,2358,3,wider_core_1501_2809
consultant,2359,3,wider_core_1501_2809
historian,2360,3,wider_core_1501_2809
cousin,2361,3,wider_core_1501_2809
visual,2362,3,wider_core_1501_2809
stupid,2363,3,wider_core_1501_2809
keen,2364,3,wider_core_1501_2809
ethnic,2365,3,wider_core_1501_2809
twin,2366,3,wider_core_1501_2809
clinical,2367,3,wider_core_1501_2809
eastern,2368,3,wider_core_1501_2809
forecast,2369,3,wider_core_1501_2809
segment,2370,3,wider_core_1501_2809
custom,2371,3,wider_core_1501_2809
adapt,2372,3,wider_core_1501_2809
sand,2373,3,wider_core_1501_2809
cap,2374,3,wider_core_1501_2809
prompt,2375,3,wider_core_1501_2809
charm,2376,3,wider_core_1501_2809
react,2377,3,wider_core_1501_2809
lecture,2378,3,wider_core_1501_2809
venture,2379,3,wider_core_1501_2809
compound,2380,3,wider_core_1501_2809
rescue,2381,3,wider_core_1501_2809
mess,2382,3,wider_core_1501_2809
preference,2383,3,wider_core_1501_2809
comprehensive,2384,3,wider_core_1501_2809
incentive,2385,3,wider_core_1501_2809
league,2386,3,wider_core_1501_2809
dialog,2387,3,wider_core_1501_2809
cream,2388,3,wider_core_1501_2809
rapid,2389,3,wider_core_1501_2809
cancel,2390,3,wider_core_1501_2809
regret,2391,3,wider_core_1501_2809
dismiss,2392,3,wider_core_1501_2809
margin,2393,3,wider_core_1501_2809
beneath,2394,3,wider_core_1501_2809
opponent,2395,3,wider_core_1501_2809
resist,2396,3,wider_core_1501_2809
capability,2397,3,wider_core_1501_2809
absolute,2398,3,wider_core_1501_2809
correspond,2399,3,wider_core_1501_2809
stroke,2400,3,wider_core_1501_2809
dare,2401,3,wider_core_1501_2809
barrier,2402,3,wider_core_1501_2809
rid,2403,3,wider_core_1501_2809
divorce,2404,3,wider_core_1501_2809
ruin,2405,3,wider_core_1501_2809
bury,2406,3,wider_core_1501_2809
counsel,2407,3,wider_core_1501_2809
tendency,2408,3,wider_core_1501_2809
frequent,2409,3,wider_core_1501_2809
motor,2410,3,wider_core_1501_2809
survival,2411,3,wider_core_1501_2809
counter,2412,3,wider_core_1501_2809
possess,2413,3,wider_core_1501_2809
permission,2414,3,wider_core_1501_2809
valley,2415,3,wider_core_1501_2809
float,2416,3,wider_core_1501_2809
mad,2417,3,wider_core_1501_2809
greatly,2418,3,wider_core_1501_2809
visible,2419,3,wider_core_1501_2809
electric,2420,3,wider_core_1501_2809
impressive,2421,3,wider_core_1501_2809
evolution,2422,3,wider_core_1501_2809
awareness,2423,3,wider_core_1501_2809
violent,2424,3,wider_core_1501_2809
slave,2425,3,wider_core_1501_2809
wealthy,2426,3,wider_core_1501_2809
architecture,2427,3,wider_core_1501_2809
acceptable,2428,3,wider_core_1501_2809
journal,2429,3,wider_core_1501_2809
coal,2430,3,wider_core_1501_2809
measurement,2431,3,wider_core_1501_2809
random,2432,3,wider_core_1501_2809
successfully,2433,3,wider_core_1501_2809
depress,2434,3,wider_core_1501_2809
illustration,2435,3,wider_core_1501_2809
burst,2436,3,wider_core_1501_2809
privilege,2437,3,wider_core_1501_2809
buyer,2438,3,wider_core_1501_2809
mutual,2439,3,wider_core_1501_2809
rail,2440,3,wider_core_1501_2809
motivate,2441,3,wider_core_1501_2809
laboratory,2442,3,wider_core_1501_2809
mortgage,2443,3,wider_core_1501_2809
promotion,2444,3,wider_core_1501_2809
passion,2445,3,wider_core_1501_2809
champion,2446,3,wider_core_1501_2809
fulfill,2447,3,wider_core_1501_2809
dust,2448,3,wider_core_1501_2809
dedicate,2449,3,wider_core_1501_2809
roughly,2450,3,wider_core_1501_2809
skirt,2451,3,wider_core_1501_2809
province,2452,3,wider_core_1501_2809
march,2453,3,wider_core_1501_2809
evaluation,2454,3,wider_core_1501_2809
compromise,2455,3,wider_core_1501_2809
accomplish,2456,3,wider_core_1501_2809
weakness,2457,3,wider_core_1501_2809
announcement,2458,3,wider_core_1501_2809
salt,2459,3,wider_core_1501_2809
glance,2460,3,wider_core_1501_2809
opera,2461,3,wider_core_1501_2809
contest,2462,3,wider_core_1501_2809
brush,2463,3,wider_core_1501_2809
embarrass,2464,3,wider_core_1501_2809
gallery,2465,3,wider_core_1501_2809
genetic,2466,3,wider_core_1501_2809
aggressive,2467,3,wider_core_1501_2809
chest,2468,3,wider_core_1501_2809
format,2469,3,wider_core_1501_2809
literary,2470,3,wider_core_1501_2809
govern,2471,3,wider_core_1501_2809
embrace,2472,3,wider_core_1501_2809
praise,2473,3,wider_core_1501_2809
silent,2474,3,wider_core_1501_2809
pump,2475,3,wider_core_1501_2809
publisher,2476,3,wider_core_1501_2809
celebration,2477,3,wider_core_1501_2809
golf,2478,3,wider_core_1501_2809
compensation,2479,3,wider_core_1501_2809
classical,2480,3,wider_core_1501_2809
weigh,2481,3,wider_core_1501_2809
versus,2482,3,wider_core_1501_2809
deficit,2483,3,wider_core_1501_2809
modify,2484,3,wider_core_1501_2809
flash,2485,3,wider_core_1501_2809
friendship,2486,3,wider_core_1501_2809
profession,2487,3,wider_core_1501_2809
literally,2488,3,wider_core_1501_2809
equation,2489,3,wider_core_1501_2809
gesture,2490,3,wider_core_1501_2809
entertain,2491,3,wider_core_1501_2809
fantastic,2492,3,wider_core_1501_2809
assign,2493,3,wider_core_1501_2809
inflation,2494,3,wider_core_1501_2809
historic,2495,3,wider_core_1501_2809
injure,2496,3,wider_core_1501_2809
remote,2497,3,wider_core_1501_2809
therapy,2498,3,wider_core_1501_2809
orange,2499,3,wider_core_1501_2809
twist,2500,3,wider_core_1501_2809
personnel,2501,3,wider_core_1501_2809
imagination,2502,3,wider_core_1501_2809
disagree,2503,3,wider_core_1501_2809
throat,2504,3,wider_core_1501_2809
insight,2505,3,wider_core_1501_2809
tackle,2506,3,wider_core_1501_2809
forever,2507,3,wider_core_1501_2809
exceed,2508,3,wider_core_1501_2809
expenditure,2509,3,wider_core_1501_2809
joy,2510,3,wider_core_1501_2809
pregnant,2511,3,wider_core_1501_2809
reliable,2512,3,wider_core_1501_2809
gear,2513,3,wider_core_1501_2809
click,2514,3,wider_core_1501_2809
poet,2515,3,wider_core_1501_2809
fortune,2516,3,wider_core_1501_2809
ceremony,2517,3,wider_core_1501_2809
pile,2518,3,wider_core_1501_2809
pig,2519,3,wider_core_1501_2809
mixture,2520,3,wider_core_1501_2809
automatically,2521,3,wider_core_1501_2809
scholar,2522,3,wider_core_1501_2809
psychological,2523,3,wider_core_1501_2809
dramatically,2524,3,wider_core_1501_2809
stake,2525,3,wider_core_1501_2809
creature,2526,3,wider_core_1501_2809
partnership,2527,3,wider_core_1501_2809
participation,2528,3,wider_core_1501_2809
clause,2529,3,wider_core_1501_2809
penalty,2530,3,wider_core_1501_2809
chamber,2531,3,wider_core_1501_2809
fancy,2532,3,wider_core_1501_2809
poetry,2533,3,wider_core_1501_2809
chat,2534,3,wider_core_1501_2809
clothing,2535,3,wider_core_1501_2809
evolve,2536,3,wider_core_1501_2809
sake,2537,3,wider_core_1501_2809
shelf,2538,3,wider_core_1501_2809
boost,2539,3,wider_core_1501_2809
tail,2540,3,wider_core_1501_2809
possession,2541,3,wider_core_1501_2809
abortion,2542,3,wider_core_1501_2809
curious,2543,3,wider_core_1501_2809
wooden,2544,3,wider_core_1501_2809
boom,2545,3,wider_core_1501_2809
tale,2546,3,wider_core_1501_2809
democratic,2547,3,wider_core_1501_2809
maintenance,2548,3,wider_core_1501_2809
consequently,2549,3,wider_core_1501_2809
pot,2550,3,wider_core_1501_2809
cow,2551,3,wider_core_1501_2809
strengthen,2552,3,wider_core_1501_2809
whilst,2553,3,wider_core_1501_2809
constraint,2554,3,wider_core_1501_2809
fold,2555,3,wider_core_1501_2809
bin,2556,3,wider_core_1501_2809
undergo,2557,3,wider_core_1501_2809
potentially,2558,3,wider_core_1501_2809
scope,2559,3,wider_core_1501_2809
pretend,2560,3,wider_core_1501_2809
diversity,2561,3,wider_core_1501_2809
allege,2562,3,wider_core_1501_2809
pride,2563,3,wider_core_1501_2809
intense,2564,3,wider_core_1501_2809
inquiry,2565,3,wider_core_1501_2809
resign,2566,3,wider_core_1501_2809
craft,2567,3,wider_core_1501_2809
strict,2568,3,wider_core_1501_2809
concrete,2569,3,wider_core_1501_2809
shell,2570,3,wider_core_1501_2809
damn,2571,3,wider_core_1501_2809
distinct,2572,3,wider_core_1501_2809
humor,2573,3,wider_core_1501_2809
limitation,2574,3,wider_core_1501_2809
indication,2575,3,wider_core_1501_2809
stability,2576,3,wider_core_1501_2809
wise,2577,3,wider_core_1501_2809
neglect,2578,3,wider_core_1501_2809
compose,2579,3,wider_core_1501_2809
jail,2580,3,wider_core_1501_2809
shelter,2581,3,wider_core_1501_2809
mere,2582,3,wider_core_1501_2809
carbon,2583,3,wider_core_1501_2809
regulate,2584,3,wider_core_1501_2809
cheese,2585,3,wider_core_1501_2809
trigger,2586,3,wider_core_1501_2809
pipe,2587,3,wider_core_1501_2809
destruction,2588,3,wider_core_1501_2809
guitar,2589,3,wider_core_1501_2809
flag,2590,3,wider_core_1501_2809
piano,2591,3,wider_core_1501_2809
magic,2592,3,wider_core_1501_2809
mystery,2593,3,wider_core_1501_2809
ski,2594,3,wider_core_1501_2809
whisper,2595,3,wider_core_1501_2809
rear,2596,3,wider_core_1501_2809
menu,2597,3,wider_core_1501_2809
species,2598,3,wider_core_1501_2809
moon,2599,3,wider_core_1501_2809
presumably,2600,3,wider_core_1501_2809
bless,2601,3,wider_core_1501_2809
airline,2602,3,wider_core_1501_2809
amendment,2603,3,wider_core_1501_2809
grandmother,2604,3,wider_core_1501_2809
jury,2605,3,wider_core_1501_2809
cooperation,2606,3,wider_core_1501_2809
civilian,2607,3,wider_core_1501_2809
composition,2608,3,wider_core_1501_2809
coin,2609,3,wider_core_1501_2809
regardless,2610,3,wider_core_1501_2809
scan,2611,3,wider_core_1501_2809
bunch,2612,3,wider_core_1501_2809
racial,2613,3,wider_core_1501_2809
greet,2614,3,wider_core_1501_2809
hopefully,2615,3,wider_core_1501_2809
sanction,2616,3,wider_core_1501_2809
trick,2617,3,wider_core_1501_2809
paragraph,2618,3,wider_core_1501_2809
maker,2619,3,wider_core_1501_2809
chocolate,2620,3,wider_core_1501_2809
stimulate,2621,3,wider_core_1501_2809
belt,2622,3,wider_core_1501_2809
potato,2623,3,wider_core_1501_2809
narrative,2624,3,wider_core_1501_2809
tissue,2625,3,wider_core_1501_2809
barely,2626,3,wider_core_1501_2809
invent,2627,3,wider_core_1501_2809
tourism,2628,3,wider_core_1501_2809
pro,2629,3,wider_core_1501_2809
stair,2630,3,wider_core_1501_2809
hesitate,2631,3,wider_core_1501_2809
shine,2632,3,wider_core_1501_2809
motivation,2633,3,wider_core_1501_2809
romantic,2634,3,wider_core_1501_2809
firmly,2635,3,wider_core_1501_2809
interior,2636,3,wider_core_1501_2809
stomach,2637,3,wider_core_1501_2809
nowhere,2638,3,wider_core_1501_2809
pray,2639,3,wider_core_1501_2809
championship,2640,3,wider_core_1501_2809
servant,2641,3,wider_core_1501_2809
immigrant,2642,3,wider_core_1501_2809
excess,2643,3,wider_core_1501_2809
complexity,2644,3,wider_core_1501_2809
liability,2645,3,wider_core_1501_2809
surprisingly,2646,3,wider_core_1501_2809
extract,2647,3,wider_core_1501_2809
implementation,2648,3,wider_core_1501_2809
bias,2649,3,wider_core_1501_2809
differently,2650,3,wider_core_1501_2809
catalog,2651,3,wider_core_1501_2809
continuous,2652,3,wider_core_1501_2809
golden,2653,3,wider_core_1501_2809
stamp,2654,3,wider_core_1501_2809
guideline,2655,3,wider_core_1501_2809
envelope,2656,3,wider_core_1501_2809
knife,2657,3,wider_core_1501_2809
biological,2658,3,wider_core_1501_2809
consume,2659,3,wider_core_1501_2809
luxury,2660,3,wider_core_1501_2809
weekly,2661,3,wider_core_1501_2809
wherever,2662,3,wider_core_1501_2809
bite,2663,3,wider_core_1501_2809
printer,2664,3,wider_core_1501_2809
firstly,2665,3,wider_core_1501_2809
anxious,2666,3,wider_core_1501_2809
adventure,2667,3,wider_core_1501_2809
fence,2668,3,wider_core_1501_2809
exhaust,2669,3,wider_core_1501_2809
attraction,2670,3,wider_core_1501_2809
ocean,2671,3,wider_core_1501_2809
quietly,2672,3,wider_core_1501_2809
castle,2673,3,wider_core_1501_2809
veteran,2674,3,wider_core_1501_2809
reflection,2675,3,wider_core_1501_2809
nerve,2676,3,wider_core_1501_2809
determination,2677,3,wider_core_1501_2809
altogether,2678,3,wider_core_1501_2809
fiction,2679,3,wider_core_1501_2809
carpet,2680,3,wider_core_1501_2809
cluster,2681,3,wider_core_1501_2809
confusion,2682,3,wider_core_1501_2809
hurry,2683,3,wider_core_1501_2809
logic,2684,3,wider_core_1501_2809
controversial,2685,3,wider_core_1501_2809
raw,2686,3,wider_core_1501_2809
grammar,2687,3,wider_core_1501_2809
revise,2688,3,wider_core_1501_2809
hint,2689,3,wider_core_1501_2809
hook,2690,3,wider_core_1501_2809
bell,2691,3,wider_core_1501_2809
liquid,2692,3,wider_core_1501_2809
panic,2693,3,wider_core_1501_2809
uncle,2694,3,wider_core_1501_2809
rice,2695,3,wider_core_1501_2809
slope,2696,3,wider_core_1501_2809
happiness,2697,3,wider_core_1501_2809
genuine,2698,3,wider_core_1501_2809
vessel,2699,3,wider_core_1501_2809
verb,2700,3,wider_core_1501_2809
reckon,2701,3,wider_core_1501_2809
silly,2702,3,wider_core_1501_2809
transportation,2703,3,wider_core_1501_2809
harbor,2704,3,wider_core_1501_2809
comedy,2705,3,wider_core_1501_2809
chase,2706,3,wider_core_1501_2809
storage,2707,3,wider_core_1501_2809
universe,2708,3,wider_core_1501_2809
horrible,2709,3,wider_core_1501_2809
sheep,2710,3,wider_core_1501_2809
lover,2711,3,wider_core_1501_2809
rat,2712,3,wider_core_1501_2809
portrait,2713,3,wider_core_1501_2809
innocent,2714,3,wider_core_1501_2809
substitute,2715,3,wider_core_1501_2809
supplement,2716,3,wider_core_1501_2809
adjustment,2717,3,wider_core_1501_2809
reasonably,2718,3,wider_core_1501_2809
filter,2719,3,wider_core_1501_2809
flexible,2720,3,wider_core_1501_2809
abstract,2721,3,wider_core_1501_2809
tent,2722,3,wider_core_1501_2809
precise,2723,3,wider_core_1501_2809
distant,2724,3,wider_core_1501_2809
stranger,2725,3,wider_core_1501_2809
shade,2726,3,wider_core_1501_2809
grain,2727,3,wider_core_1501_2809
situate,2728,3,wider_core_1501_2809
summarize,2729,3,wider_core_1501_2809
leap,2730,3,wider_core_1501_2809
snap,2731,3,wider_core_1501_2809
probability,2732,3,wider_core_1501_2809
leather,2733,3,wider_core_1501_2809
uncertainty,2734,3,wider_core_1501_2809
swear,2735,3,wider_core_1501_2809
refugee,2736,3,wider_core_1501_2809
shore,2737,3,wider_core_1501_2809
monthly,2738,3,wider_core_1501_2809
comprise,2739,3,wider_core_1501_2809
stir,2740,3,wider_core_1501_2809
excitement,2741,3,wider_core_1501_2809
sigh,2742,3,wider_core_1501_2809
pregnancy,2743,3,wider_core_1501_2809
experimental,2744,3,wider_core_1501_2809
institutional,2745,3,wider_core_1501_2809
slice,2746,3,wider_core_1501_2809
wander,2747,3,wider_core_1501_2809
empire,2748,3,wider_core_1501_2809
subsequently,2749,3,wider_core_1501_2809
gentle,2750,3,wider_core_1501_2809
attendance,2751,3,wider_core_1501_2809
ownership,2752,3,wider_core_1501_2809
qualification,2753,3,wider_core_1501_2809
suspend,2754,3,wider_core_1501_2809
functional,2755,3,wider_core_1501_2809
voluntary,2756,3,wider_core_1501_2809
pale,2757,3,wider_core_1501_2809
stain,2758,3,wider_core_1501_2809
athlete,2759,3,wider_core_1501_2809
organic,2760,3,wider_core_1501_2809
tongue,2761,3,wider_core_1501_2809
server,2762,3,wider_core_1501_2809
structural,2763,3,wider_core_1501_2809
website,2764,3,wider_core_1501_2809
fool,2765,3,wider_core_1501_2809
alongside,2766,3,wider_core_1501_2809
unite,2767,3,wider_core_1501_2809
gently,2768,3,wider_core_1501_2809
compute,2769,3,wider_core_1501_2809
wipe,2770,3,wider_core_1501_2809
weird,2771,3,wider_core_1501_2809
gaze,2772,3,wider_core_1501_2809
fade,2773,3,wider_core_1501_2809
cough,2774,3,wider_core_1501_2809
hypothesis,2775,3,wider_core_1501_2809
royal,2776,3,wider_core_1501_2809
theoretical,2777,3,wider_core_1501_2809
curtain,2778,3,wider_core_1501_2809
mayor,2779,3,wider_core_1501_2809
darkness,2780,3,wider_core_1501_2809
aunt,2781,3,wider_core_1501_2809
tournament,2782,3,wider_core_1501_2809
registration,2783,3,wider_core_1501_2809
fragment,2784,3,wider_core_1501_2809
listener,2785,3,wider_core_1501_2809
immigration,2786,3,wider_core_1501_2809
tender,2787,3,wider_core_1501_2809
density,2788,3,wider_core_1501_2809
ugly,2789,3,wider_core_1501_2809
module,2790,3,wider_core_1501_2809
faithfully,2791,3,wider_core_1501_2809
autumn,2792,3,wider_core_1501_2809
cheek,2793,3,wider_core_1501_2809
attachment,2794,3,wider_core_1501_2809
holder,2795,3,wider_core_1501_2809
solar,2796,3,wider_core_1501_2809
grin,2797,3,wider_core_1501_2809
rose,2798,3,wider_core_1501_2809
noun,2799,3,wider_core_1501_2809
fortunate,2800,3,wider_core_1501_2809
alright,2801,3,wider_core_1501_2809
lazy,2802,3,wider_core_1501_2809
hello,2803,3,wider_core_1501_2809
hunger,2804,3,wider_core_1501_2809
insure,2805,3,wider_core_1501_2809
ashamed,2806,3,wider_core_1501_2809
found,2807,3,wider_core_1501_2809
blog,2808,3,wider_core_1501_2809
thirst,2809,3,wider_core_1501_2809
